"7","112387826","06-01-2014 12:38:35","RSA","RSA/FlamP (RSA) 6th Jan","FlamP","06-01-2014 12:20","R5 1000m Hcap","","5839807","Wolfs Girl","5.03","48","413.86","06-01-2014 12:22:39","06-01-2014 12:14:29","1","NI"
"7","112387826","06-01-2014 12:38:35","RSA","RSA/FlamP (RSA) 6th Jan","FlamP","06-01-2014 12:20","R5 1000m Hcap","","5839807","Wolfs Girl","6.2","16","112.98","06-01-2014 12:21:33","06-01-2014 12:06:31","1","NI"
"7","112387826","06-01-2014 12:38:35","RSA","RSA/FlamP (RSA) 6th Jan","FlamP","06-01-2014 12:20","R5 1000m Hcap","","5839807","Wolfs Girl","5.87","20","134.68","06-01-2014 12:21:38","06-01-2014 11:54:52","1","NI"
"7","112387826","06-01-2014 12:38:35","RSA","RSA/FlamP (RSA) 6th Jan","FlamP","06-01-2014 12:20","R5 1000m Hcap","","5839807","Wolfs Girl","4.27","3","26.6","06-01-2014 12:27:07","06-01-2014 12:27:06","1","NI"
"7","112387827","06-01-2014 12:38:36","RSA","RSA/FlamP (RSA) 6th Jan","FlamP","06-01-2014 12:20","TO BE PLACED","","5839807","Wolfs Girl","2.11","8","66.74","06-01-2014 12:21:02","06-01-2014 12:18:45","1","NI"
"7","112387827","06-01-2014 12:38:36","RSA","RSA/FlamP (RSA) 6th Jan","FlamP","06-01-2014 12:20","TO BE PLACED","","5839807","Wolfs Girl","2.17","3","49.72","06-01-2014 12:21:14","06-01-2014 12:21:06","1","NI"
"7","112387826","06-01-2014 12:38:35","RSA","RSA/FlamP (RSA) 6th Jan","FlamP","06-01-2014 12:20","R5 1000m Hcap","","5839807","Wolfs Girl","4.7","21","280.3","06-01-2014 12:28:39","06-01-2014 12:23:16","1","NI"
"7","112387827","06-01-2014 12:38:36","RSA","RSA/FlamP (RSA) 6th Jan","FlamP","06-01-2014 12:20","TO BE PLACED","","5839807","Wolfs Girl","2.37","7","128.86","06-01-2014 12:22:14","06-01-2014 12:21:52","1","NI"
"7","112387826","06-01-2014 12:38:35","RSA","RSA/FlamP (RSA) 6th Jan","FlamP","06-01-2014 12:20","R5 1000m Hcap","","5839807","Wolfs Girl","6.04","22","266.84","06-01-2014 12:21:37","06-01-2014 12:08:11","1","NI"
"7","112387827","06-01-2014 12:38:36","RSA","RSA/FlamP (RSA) 6th Jan","FlamP","06-01-2014 12:20","TO BE PLACED","","5839807","Wolfs Girl","2.09","2","1.16","06-01-2014 12:19:22","06-01-2014 12:19:22","1","NI"
"7","112387826","06-01-2014 12:38:35","RSA","RSA/FlamP (RSA) 6th Jan","FlamP","06-01-2014 12:20","R5 1000m Hcap","","5839807","Wolfs Girl","6.54","3","3.94","06-01-2014 12:06:31","06-01-2014 12:05:57","1","NI"
"7","112387827","06-01-2014 12:38:36","RSA","RSA/FlamP (RSA) 6th Jan","FlamP","06-01-2014 12:20","TO BE PLACED","","5839807","Wolfs Girl","2","4","14.66","06-01-2014 12:27:08","06-01-2014 12:22:35","1","NI"
"7","112387827","06-01-2014 12:38:36","RSA","RSA/FlamP (RSA) 6th Jan","FlamP","06-01-2014 12:20","TO BE PLACED","","5839807","Wolfs Girl","2.34","2","7.34","06-01-2014 12:18:20","06-01-2014 12:18:20","1","NI"
"7","112387826","06-01-2014 12:38:35","RSA","RSA/FlamP (RSA) 6th Jan","FlamP","06-01-2014 12:20","R5 1000m Hcap","","5839807","Wolfs Girl","5.36","31","358.26","06-01-2014 12:22:23","06-01-2014 11:54:52","1","NI"
"7","112387827","06-01-2014 12:38:36","RSA","RSA/FlamP (RSA) 6th Jan","FlamP","06-01-2014 12:20","TO BE PLACED","","5839807","Wolfs Girl","2.2","4","12.66","06-01-2014 12:22:29","06-01-2014 12:21:23","1","NI"
"7","112387826","06-01-2014 12:38:35","RSA","RSA/FlamP (RSA) 6th Jan","FlamP","06-01-2014 12:20","R5 1000m Hcap","","5839807","Wolfs Girl","5.53","39","398.22","06-01-2014 12:22:13","06-01-2014 12:14:29","1","NI"
"7","112387826","06-01-2014 12:38:35","RSA","RSA/FlamP (RSA) 6th Jan","FlamP","06-01-2014 12:20","R5 1000m Hcap","","5839807","Wolfs Girl","4.78","27","507.4","06-01-2014 12:26:56","06-01-2014 12:20:14","1","NI"
"7","112387826","06-01-2014 12:38:35","RSA","RSA/FlamP (RSA) 6th Jan","FlamP","06-01-2014 12:20","R5 1000m Hcap","","5839807","Wolfs Girl","6.71","3","4.88","06-01-2014 12:05:46","06-01-2014 12:05:46","1","NI"
"7","112387827","06-01-2014 12:38:36","RSA","RSA/FlamP (RSA) 6th Jan","FlamP","06-01-2014 12:20","TO BE PLACED","","5839807","Wolfs Girl","2.15","4","23.28","06-01-2014 12:21:15","06-01-2014 12:20:23","1","NI"
"7","112387827","06-01-2014 12:38:36","RSA","RSA/FlamP (RSA) 6th Jan","FlamP","06-01-2014 12:20","TO BE PLACED","","5839807","Wolfs Girl","2.08","9","52.46","06-01-2014 12:25:12","06-01-2014 12:19:58","1","NI"
"7","112387827","06-01-2014 12:38:36","RSA","RSA/FlamP (RSA) 6th Jan","FlamP","06-01-2014 12:20","TO BE PLACED","","5839807","Wolfs Girl","1.97","2","4.88","06-01-2014 12:22:32","06-01-2014 12:22:32","1","NI"
"7","112387827","06-01-2014 12:38:36","RSA","RSA/FlamP (RSA) 6th Jan","FlamP","06-01-2014 12:20","TO BE PLACED","","5839807","Wolfs Girl","2.19","4","45.72","06-01-2014 12:21:34","06-01-2014 12:21:23","1","NI"
"7","112387826","06-01-2014 12:38:35","RSA","RSA/FlamP (RSA) 6th Jan","FlamP","06-01-2014 12:20","R5 1000m Hcap","","5839807","Wolfs Girl","4.2","3","55","06-01-2014 12:27:40","06-01-2014 12:27:40","1","NI"
"7","112387826","06-01-2014 12:38:35","RSA","RSA/FlamP (RSA) 6th Jan","FlamP","06-01-2014 12:20","R5 1000m Hcap","","5839807","Wolfs Girl","4.61","16","333.38","06-01-2014 12:26:56","06-01-2014 12:24:11","1","NI"
"7","112387827","06-01-2014 12:38:36","RSA","RSA/FlamP (RSA) 6th Jan","FlamP","06-01-2014 12:20","TO BE PLACED","","5839807","Wolfs Girl","2.06","10","70.02","06-01-2014 12:22:45","06-01-2014 12:19:54","1","NI"
"7","112387826","06-01-2014 12:38:35","RSA","RSA/FlamP (RSA) 6th Jan","FlamP","06-01-2014 12:20","R5 1000m Hcap","","5839807","Wolfs Girl","4.44","5","67.82","06-01-2014 12:30:05","06-01-2014 12:27:43","1","NI"
"7","112387827","06-01-2014 12:38:36","RSA","RSA/FlamP (RSA) 6th Jan","FlamP","06-01-2014 12:20","TO BE PLACED","","5839807","Wolfs Girl","1.78","4","4.82","06-01-2014 11:51:18","06-01-2014 09:45:29","1","NI"
"7","112387827","06-01-2014 12:38:36","RSA","RSA/FlamP (RSA) 6th Jan","FlamP","06-01-2014 12:20","TO BE PLACED","","5839807","Wolfs Girl","2.14","7","176.8","06-01-2014 12:23:24","06-01-2014 12:19:21","1","NI"
"7","112387826","06-01-2014 12:38:35","RSA","RSA/FlamP (RSA) 6th Jan","FlamP","06-01-2014 12:20","R5 1000m Hcap","","5839807","Wolfs Girl","4.36","4","102.58","06-01-2014 12:27:06","06-01-2014 12:27:06","1","NI"
"7","112387827","06-01-2014 12:38:36","RSA","RSA/FlamP (RSA) 6th Jan","FlamP","06-01-2014 12:20","TO BE PLACED","","5839807","Wolfs Girl","2.04","8","85.26","06-01-2014 12:26:59","06-01-2014 12:15:41","1","NI"
"7","112387827","06-01-2014 12:38:36","RSA","RSA/FlamP (RSA) 6th Jan","FlamP","06-01-2014 12:20","TO BE PLACED","","5839807","Wolfs Girl","2.03","4","180","06-01-2014 12:20:41","06-01-2014 12:20:23","1","NI"
"7","112387826","06-01-2014 12:38:35","RSA","RSA/FlamP (RSA) 6th Jan","FlamP","06-01-2014 12:20","R5 1000m Hcap","","5839807","Wolfs Girl","4.95","29","548.54","06-01-2014 12:23:02","06-01-2014 12:18:46","1","NI"
"7","112387826","06-01-2014 12:38:35","RSA","RSA/FlamP (RSA) 6th Jan","FlamP","06-01-2014 12:20","R5 1000m Hcap","","5839807","Wolfs Girl","4.11","2","12.38","06-01-2014 12:27:40","06-01-2014 12:27:40","1","NI"
"7","112387827","06-01-2014 12:38:36","RSA","RSA/FlamP (RSA) 6th Jan","FlamP","06-01-2014 12:20","TO BE PLACED","","5839807","Wolfs Girl","1.92","3","24.92","06-01-2014 12:27:49","06-01-2014 12:27:49","1","NI"
"7","112387827","06-01-2014 12:38:36","RSA","RSA/FlamP (RSA) 6th Jan","FlamP","06-01-2014 12:20","TO BE PLACED","","5839807","Wolfs Girl","2.12","2","4.32","06-01-2014 12:19:16","06-01-2014 12:19:16","1","NI"
"7","112387826","06-01-2014 12:38:35","RSA","RSA/FlamP (RSA) 6th Jan","FlamP","06-01-2014 12:20","R5 1000m Hcap","","5839807","Wolfs Girl","4.86","23","172.36","06-01-2014 12:23:02","06-01-2014 12:20:04","1","NI"
"7","112387826","06-01-2014 12:38:35","RSA","RSA/FlamP (RSA) 6th Jan","FlamP","06-01-2014 12:20","R5 1000m Hcap","","5839807","Wolfs Girl","6.37","4","9.58","06-01-2014 12:06:31","06-01-2014 11:57:11","1","NI"
"7","112387827","06-01-2014 12:38:36","RSA","RSA/FlamP (RSA) 6th Jan","FlamP","06-01-2014 12:20","TO BE PLACED","","5839807","Wolfs Girl","2.26","2","10.94","06-01-2014 12:18:05","06-01-2014 12:18:05","1","NI"
"7","112387826","06-01-2014 12:38:35","RSA","RSA/FlamP (RSA) 6th Jan","FlamP","06-01-2014 12:20","R5 1000m Hcap","","5839807","Wolfs Girl","5.19","50","982.86","06-01-2014 12:22:39","06-01-2014 12:14:29","1","NI"
"7","112387826","06-01-2014 12:38:35","RSA","RSA/FlamP (RSA) 6th Jan","FlamP","06-01-2014 12:20","R5 1000m Hcap","","5839807","Wolfs Girl","4.53","5","27.4","06-01-2014 12:26:56","06-01-2014 12:24:19","1","NI"
"7","112387826","06-01-2014 12:38:35","RSA","RSA/FlamP (RSA) 6th Jan","FlamP","06-01-2014 12:20","R5 1000m Hcap","","5839807","Wolfs Girl","5.7","49","613.22","06-01-2014 12:22:00","06-01-2014 11:54:52","1","NI"
"7","112387827","06-01-2014 12:38:36","RSA","RSA/FlamP (RSA) 6th Jan","FlamP","06-01-2014 12:20","TO BE PLACED","","5839807","Wolfs Girl","2.22","5","42.18","06-01-2014 12:21:23","06-01-2014 12:05:38","1","NI"
"7","112609178","27-01-2014 13:06:10","RSA","RSA/FlamP (RSA) 27th Jan","FlamP","27-01-2014 12:55","TO BE PLACED","","5839807","Wolfs Girl","2.1","2","4","27-01-2014 12:54:14","27-01-2014 12:54:14","1","NI"
"7","112609178","27-01-2014 13:06:10","RSA","RSA/FlamP (RSA) 27th Jan","FlamP","27-01-2014 12:55","TO BE PLACED","","5839807","Wolfs Girl","2.2","3","14","27-01-2014 12:53:26","27-01-2014 12:53:25","1","NI"
"7","112609178","27-01-2014 13:06:10","RSA","RSA/FlamP (RSA) 27th Jan","FlamP","27-01-2014 12:55","TO BE PLACED","","5839807","Wolfs Girl","2.04","9","66.16","27-01-2014 12:55:54","27-01-2014 12:44:39","1","NI"
"7","112609178","27-01-2014 13:06:10","RSA","RSA/FlamP (RSA) 27th Jan","FlamP","27-01-2014 12:55","TO BE PLACED","","5839807","Wolfs Girl","2.12","9","264.7","27-01-2014 12:55:13","27-01-2014 12:53:44","1","NI"
"7","112609177","27-01-2014 13:06:10","RSA","RSA/FlamP (RSA) 27th Jan","FlamP","27-01-2014 12:55","R6 1000m Hcap","","5839807","Wolfs Girl","5.7","20","122.26","27-01-2014 12:54:17","27-01-2014 12:44:33","0","NI"
"7","112609177","27-01-2014 13:06:10","RSA","RSA/FlamP (RSA) 27th Jan","FlamP","27-01-2014 12:55","R6 1000m Hcap","","5839807","Wolfs Girl","6.6","9","16","27-01-2014 12:50:52","27-01-2014 10:29:03","0","NI"
"7","112609178","27-01-2014 13:06:10","RSA","RSA/FlamP (RSA) 27th Jan","FlamP","27-01-2014 12:55","TO BE PLACED","","5839807","Wolfs Girl","1.99","4","20.04","27-01-2014 12:56:21","27-01-2014 12:56:16","1","NI"
"7","112609177","27-01-2014 13:06:10","RSA","RSA/FlamP (RSA) 27th Jan","FlamP","27-01-2014 12:55","R6 1000m Hcap","","5839807","Wolfs Girl","6","42","411.92","27-01-2014 12:53:45","27-01-2014 11:38:19","0","NI"
"7","112609177","27-01-2014 13:06:10","RSA","RSA/FlamP (RSA) 27th Jan","FlamP","27-01-2014 12:55","R6 1000m Hcap","","5839807","Wolfs Girl","5","13","130.54","27-01-2014 12:56:20","27-01-2014 12:55:56","0","NI"
"7","112609177","27-01-2014 13:06:10","RSA","RSA/FlamP (RSA) 27th Jan","FlamP","27-01-2014 12:55","R6 1000m Hcap","","5839807","Wolfs Girl","5.6","22","296.76","27-01-2014 12:55:08","27-01-2014 12:53:54","0","NI"
"7","112609177","27-01-2014 13:06:10","RSA","RSA/FlamP (RSA) 27th Jan","FlamP","27-01-2014 12:55","R6 1000m Hcap","","5839807","Wolfs Girl","5.1","20","226.3","27-01-2014 12:56:27","27-01-2014 12:55:34","0","NI"
"7","112609177","27-01-2014 13:06:10","RSA","RSA/FlamP (RSA) 27th Jan","FlamP","27-01-2014 12:55","R6 1000m Hcap","","5839807","Wolfs Girl","5.4","34","267.54","27-01-2014 12:56:31","27-01-2014 12:54:17","0","NI"
"7","112609178","27-01-2014 13:06:10","RSA","RSA/FlamP (RSA) 27th Jan","FlamP","27-01-2014 12:55","TO BE PLACED","","5839807","Wolfs Girl","2.08","7","40.46","27-01-2014 12:54:42","27-01-2014 12:50:14","1","NI"
"7","112609177","27-01-2014 13:06:10","RSA","RSA/FlamP (RSA) 27th Jan","FlamP","27-01-2014 12:55","R6 1000m Hcap","","5839807","Wolfs Girl","6.2","33","184.38","27-01-2014 12:53:16","27-01-2014 12:29:37","0","NI"
"7","112609177","27-01-2014 13:06:10","RSA","RSA/FlamP (RSA) 27th Jan","FlamP","27-01-2014 12:55","R6 1000m Hcap","","5839807","Wolfs Girl","6.8","2","3.3","27-01-2014 12:39:19","27-01-2014 12:39:19","0","NI"
"7","112609177","27-01-2014 13:06:10","RSA","RSA/FlamP (RSA) 27th Jan","FlamP","27-01-2014 12:55","R6 1000m Hcap","","5839807","Wolfs Girl","5.5","21","103.18","27-01-2014 12:56:31","27-01-2014 12:54:03","0","NI"
"7","112609177","27-01-2014 13:06:10","RSA","RSA/FlamP (RSA) 27th Jan","FlamP","27-01-2014 12:55","R6 1000m Hcap","","5839807","Wolfs Girl","6.4","19","94.78","27-01-2014 12:53:09","27-01-2014 10:29:03","0","NI"
"7","112609178","27-01-2014 13:06:10","RSA","RSA/FlamP (RSA) 27th Jan","FlamP","27-01-2014 12:55","TO BE PLACED","","5839807","Wolfs Girl","2.14","13","251.02","27-01-2014 12:54:27","27-01-2014 12:52:47","1","NI"
"7","112609177","27-01-2014 13:06:10","RSA","RSA/FlamP (RSA) 27th Jan","FlamP","27-01-2014 12:55","R6 1000m Hcap","","5839807","Wolfs Girl","5.9","12","47.9","27-01-2014 12:53:45","27-01-2014 10:53:37","0","NI"
"7","112609178","27-01-2014 13:06:10","RSA","RSA/FlamP (RSA) 27th Jan","FlamP","27-01-2014 12:55","TO BE PLACED","","5839807","Wolfs Girl","2.06","11","174.98","27-01-2014 12:55:40","27-01-2014 12:52:23","1","NI"
"7","112609177","27-01-2014 13:06:10","RSA","RSA/FlamP (RSA) 27th Jan","FlamP","27-01-2014 12:55","R6 1000m Hcap","","5839807","Wolfs Girl","5.8","14","67.98","27-01-2014 12:53:59","27-01-2014 12:41:03","0","NI"
"7","112609177","27-01-2014 13:06:10","RSA","RSA/FlamP (RSA) 27th Jan","FlamP","27-01-2014 12:55","R6 1000m Hcap","","5839807","Wolfs Girl","5.3","36","443.38","27-01-2014 12:55:47","27-01-2014 12:54:22","0","NI"
"7","112609177","27-01-2014 13:06:10","RSA","RSA/FlamP (RSA) 27th Jan","FlamP","27-01-2014 12:55","R6 1000m Hcap","","5839807","Wolfs Girl","5.2","26","188.6","27-01-2014 12:56:31","27-01-2014 12:54:41","0","NI"
"7","112980008","24-02-2014 14:10:18","RSA","RSA/FlamP (RSA) 24th Feb","FlamP","24-02-2014 14:00","R8 1000m Hcap","","5839807","Wolfs Girl","3.65","94","1806.5","24-02-2014 14:03:54","24-02-2014 13:55:46","0","NI"
"7","112980009","24-02-2014 14:10:18","RSA","RSA/FlamP (RSA) 24th Feb","FlamP","24-02-2014 14:00","TO BE PLACED","","5839807","Wolfs Girl","1.82","2","196.78","24-02-2014 13:57:51","24-02-2014 13:57:51","0","NI"
"7","112980008","24-02-2014 14:10:18","RSA","RSA/FlamP (RSA) 24th Feb","FlamP","24-02-2014 14:00","R8 1000m Hcap","","5839807","Wolfs Girl","4.54","15","49.52","24-02-2014 13:50:55","24-02-2014 13:33:05","0","NI"
"7","112980008","24-02-2014 14:10:18","RSA","RSA/FlamP (RSA) 24th Feb","FlamP","24-02-2014 14:00","R8 1000m Hcap","","5839807","Wolfs Girl","4.19","22","348.72","24-02-2014 13:54:36","24-02-2014 13:29:20","0","NI"
"7","112980009","24-02-2014 14:10:18","RSA","RSA/FlamP (RSA) 24th Feb","FlamP","24-02-2014 14:00","TO BE PLACED","","5839807","Wolfs Girl","1.79","2","20","24-02-2014 13:58:01","24-02-2014 13:58:01","0","NI"
"7","112980008","24-02-2014 14:10:18","RSA","RSA/FlamP (RSA) 24th Feb","FlamP","24-02-2014 14:00","R8 1000m Hcap","","5839807","Wolfs Girl","3.74","72","962.56","24-02-2014 14:04:46","24-02-2014 13:29:20","0","NI"
"7","112980009","24-02-2014 14:10:18","RSA","RSA/FlamP (RSA) 24th Feb","FlamP","24-02-2014 14:00","TO BE PLACED","","5839807","Wolfs Girl","1.7","13","247.76","24-02-2014 14:02:38","24-02-2014 13:57:48","0","NI"
"7","112980009","24-02-2014 14:10:18","RSA","RSA/FlamP (RSA) 24th Feb","FlamP","24-02-2014 14:00","TO BE PLACED","","5839807","Wolfs Girl","1.68","2","6","24-02-2014 14:02:08","24-02-2014 14:02:08","0","NI"
"7","112980009","24-02-2014 14:10:18","RSA","RSA/FlamP (RSA) 24th Feb","FlamP","24-02-2014 14:00","TO BE PLACED","","5839807","Wolfs Girl","1.74","5","164.42","24-02-2014 13:57:48","24-02-2014 13:57:24","0","NI"
"7","112980008","24-02-2014 14:10:18","RSA","RSA/FlamP (RSA) 24th Feb","FlamP","24-02-2014 14:00","R8 1000m Hcap","","5839807","Wolfs Girl","3.52","71","851.02","24-02-2014 14:04:20","24-02-2014 13:57:01","0","NI"
"7","112980008","24-02-2014 14:10:18","RSA","RSA/FlamP (RSA) 24th Feb","FlamP","24-02-2014 14:00","R8 1000m Hcap","","5839807","Wolfs Girl","4.01","17","471.8","24-02-2014 13:55:27","24-02-2014 13:51:53","0","NI"
"7","112980008","24-02-2014 14:10:18","RSA","RSA/FlamP (RSA) 24th Feb","FlamP","24-02-2014 14:00","R8 1000m Hcap","","5839807","Wolfs Girl","4.63","6","71.66","24-02-2014 13:46:48","24-02-2014 13:33:05","0","NI"
"7","112980009","24-02-2014 14:10:18","RSA","RSA/FlamP (RSA) 24th Feb","FlamP","24-02-2014 14:00","TO BE PLACED","","5839807","Wolfs Girl","1.73","3","19.84","24-02-2014 13:57:23","24-02-2014 13:57:22","0","NI"
"7","112980008","24-02-2014 14:10:18","RSA","RSA/FlamP (RSA) 24th Feb","FlamP","24-02-2014 14:00","R8 1000m Hcap","","5839807","Wolfs Girl","3.43","22","366.12","24-02-2014 13:59:57","24-02-2014 13:59:23","0","NI"
"7","112980008","24-02-2014 14:10:18","RSA","RSA/FlamP (RSA) 24th Feb","FlamP","24-02-2014 14:00","R8 1000m Hcap","","5839807","Wolfs Girl","3.83","50","671.92","24-02-2014 14:04:46","24-02-2014 13:29:20","0","NI"
"7","112980008","24-02-2014 14:10:18","RSA","RSA/FlamP (RSA) 24th Feb","FlamP","24-02-2014 14:00","R8 1000m Hcap","","5839807","Wolfs Girl","3.47","43","749.96","24-02-2014 14:04:32","24-02-2014 13:59:17","0","NI"
"7","112980009","24-02-2014 14:10:18","RSA","RSA/FlamP (RSA) 24th Feb","FlamP","24-02-2014 14:00","TO BE PLACED","","5839807","Wolfs Girl","1.76","8","140.76","24-02-2014 13:58:48","24-02-2014 13:57:08","0","NI"
"7","112980008","24-02-2014 14:10:18","RSA","RSA/FlamP (RSA) 24th Feb","FlamP","24-02-2014 14:00","R8 1000m Hcap","","5839807","Wolfs Girl","3.92","13","400.06","24-02-2014 14:04:46","24-02-2014 13:55:27","0","NI"
"7","112980009","24-02-2014 14:10:18","RSA","RSA/FlamP (RSA) 24th Feb","FlamP","24-02-2014 14:00","TO BE PLACED","","5839807","Wolfs Girl","1.4","3","8.26","24-02-2014 13:07:58","24-02-2014 13:07:58","0","NI"
"7","112980008","24-02-2014 14:10:18","RSA","RSA/FlamP (RSA) 24th Feb","FlamP","24-02-2014 14:00","R8 1000m Hcap","","5839807","Wolfs Girl","4.45","11","216.12","24-02-2014 13:51:08","24-02-2014 13:33:05","0","NI"
"7","112980009","24-02-2014 14:10:18","RSA","RSA/FlamP (RSA) 24th Feb","FlamP","24-02-2014 14:00","TO BE PLACED","","5839807","Wolfs Girl","1.83","2","3.3","24-02-2014 13:49:57","24-02-2014 13:49:57","0","NI"
"7","112980008","24-02-2014 14:10:18","RSA","RSA/FlamP (RSA) 24th Feb","FlamP","24-02-2014 14:00","R8 1000m Hcap","","5839807","Wolfs Girl","4.1","15","467.16","24-02-2014 13:55:16","24-02-2014 13:29:20","0","NI"
"7","112980009","24-02-2014 14:10:18","RSA","RSA/FlamP (RSA) 24th Feb","FlamP","24-02-2014 14:00","TO BE PLACED","","5839807","Wolfs Girl","1.69","2","72.66","24-02-2014 14:04:17","24-02-2014 14:04:17","0","NI"
"7","112980008","24-02-2014 14:10:18","RSA","RSA/FlamP (RSA) 24th Feb","FlamP","24-02-2014 14:00","R8 1000m Hcap","","5839807","Wolfs Girl","4.72","5","23.2","24-02-2014 13:49:04","24-02-2014 13:43:16","0","NI"
"7","112980009","24-02-2014 14:10:18","RSA","RSA/FlamP (RSA) 24th Feb","FlamP","24-02-2014 14:00","TO BE PLACED","","5839807","Wolfs Girl","1.77","7","162.74","24-02-2014 13:58:58","24-02-2014 13:58:32","0","NI"
"7","112980008","24-02-2014 14:10:18","RSA","RSA/FlamP (RSA) 24th Feb","FlamP","24-02-2014 14:00","R8 1000m Hcap","","5839807","Wolfs Girl","4.37","2","25.88","24-02-2014 13:53:38","24-02-2014 13:53:38","0","NI"
"7","112980009","24-02-2014 14:10:18","RSA","RSA/FlamP (RSA) 24th Feb","FlamP","24-02-2014 14:00","TO BE PLACED","","5839807","Wolfs Girl","1.8","2","4","24-02-2014 13:38:29","24-02-2014 13:38:29","0","NI"
"7","112980009","24-02-2014 14:10:18","RSA","RSA/FlamP (RSA) 24th Feb","FlamP","24-02-2014 14:00","TO BE PLACED","","5839807","Wolfs Girl","1.81","2","3.22","24-02-2014 13:57:51","24-02-2014 13:57:51","0","NI"
"7","112980008","24-02-2014 14:10:18","RSA","RSA/FlamP (RSA) 24th Feb","FlamP","24-02-2014 14:00","R8 1000m Hcap","","5839807","Wolfs Girl","3.56","149","5350.04","24-02-2014 14:04:20","24-02-2014 13:55:46","0","NI"
"7","112980009","24-02-2014 14:10:18","RSA","RSA/FlamP (RSA) 24th Feb","FlamP","24-02-2014 14:00","TO BE PLACED","","5839807","Wolfs Girl","1.75","4","120.18","24-02-2014 13:59:43","24-02-2014 13:59:37","0","NI"
"7","112980009","24-02-2014 14:10:18","RSA","RSA/FlamP (RSA) 24th Feb","FlamP","24-02-2014 14:00","TO BE PLACED","","5839807","Wolfs Girl","1.67","12","83.16","24-02-2014 14:01:32","24-02-2014 14:01:02","0","NI"
"7","112980009","24-02-2014 14:10:18","RSA","RSA/FlamP (RSA) 24th Feb","FlamP","24-02-2014 14:00","TO BE PLACED","","5839807","Wolfs Girl","1.72","8","284","24-02-2014 13:59:19","24-02-2014 13:57:23","0","NI"
"7","112980008","24-02-2014 14:10:18","RSA","RSA/FlamP (RSA) 24th Feb","FlamP","24-02-2014 14:00","R8 1000m Hcap","","5839807","Wolfs Girl","4.28","15","104.38","24-02-2014 13:54:15","24-02-2014 13:51:08","0","NI"
"7","113400297","24-03-2014 13:05:06","RSA","RSA/FlamP (RSA) 24th Mar","FlamP","24-03-2014 12:50","TO BE PLACED","","5839807","Wolfs Girl","2.87","2","1.5","24-03-2014 12:36:54","24-03-2014 12:36:54","0","NI"
"7","113400296","24-03-2014 13:05:07","RSA","RSA/FlamP (RSA) 24th Mar","FlamP","24-03-2014 12:50","R6 1000m Hcap","","5839807","Wolfs Girl","12.5","8","8.36","24-03-2014 12:54:54","24-03-2014 12:50:38","0","NI"
"7","113400296","24-03-2014 13:05:07","RSA","RSA/FlamP (RSA) 24th Mar","FlamP","24-03-2014 12:50","R6 1000m Hcap","","5839807","Wolfs Girl","7.2","2","2","24-03-2014 11:41:13","24-03-2014 11:41:13","0","NI"
"7","113400297","24-03-2014 13:05:06","RSA","RSA/FlamP (RSA) 24th Mar","FlamP","24-03-2014 12:50","TO BE PLACED","","5839807","Wolfs Girl","3.29","5","22.86","24-03-2014 12:52:12","24-03-2014 12:50:46","0","NI"
"7","113400297","24-03-2014 13:05:06","RSA","RSA/FlamP (RSA) 24th Mar","FlamP","24-03-2014 12:50","TO BE PLACED","","5839807","Wolfs Girl","2.49","3","10","24-03-2014 12:31:46","24-03-2014 12:31:46","0","NI"
"7","113400296","24-03-2014 13:05:07","RSA","RSA/FlamP (RSA) 24th Mar","FlamP","24-03-2014 12:50","R6 1000m Hcap","","5839807","Wolfs Girl","9.6","7","42.6","24-03-2014 12:43:13","24-03-2014 12:36:58","0","NI"
"7","113400296","24-03-2014 13:05:07","RSA","RSA/FlamP (RSA) 24th Mar","FlamP","24-03-2014 12:50","R6 1000m Hcap","","5839807","Wolfs Girl","9.2","2","3.34","24-03-2014 12:37:04","24-03-2014 12:37:04","0","NI"
"7","113400297","24-03-2014 13:05:06","RSA","RSA/FlamP (RSA) 24th Mar","FlamP","24-03-2014 12:50","TO BE PLACED","","5839807","Wolfs Girl","2.89","2","3.96","24-03-2014 12:36:54","24-03-2014 12:36:54","0","NI"
"7","113400296","24-03-2014 13:05:07","RSA","RSA/FlamP (RSA) 24th Mar","FlamP","24-03-2014 12:50","R6 1000m Hcap","","5839807","Wolfs Girl","10","13","52.26","24-03-2014 12:48:33","24-03-2014 12:36:00","0","NI"
"7","113400296","24-03-2014 13:05:07","RSA","RSA/FlamP (RSA) 24th Mar","FlamP","24-03-2014 12:50","R6 1000m Hcap","","5839807","Wolfs Girl","8.8","5","13.34","24-03-2014 12:31:32","24-03-2014 12:27:07","0","NI"
"7","113400296","24-03-2014 13:05:07","RSA","RSA/FlamP (RSA) 24th Mar","FlamP","24-03-2014 12:50","R6 1000m Hcap","","5839807","Wolfs Girl","8.6","6","14","24-03-2014 12:31:23","24-03-2014 12:27:35","0","NI"
"7","113400296","24-03-2014 13:05:07","RSA","RSA/FlamP (RSA) 24th Mar","FlamP","24-03-2014 12:50","R6 1000m Hcap","","5839807","Wolfs Girl","12","18","57.08","24-03-2014 12:54:54","24-03-2014 12:49:16","0","NI"
"7","113400296","24-03-2014 13:05:07","RSA","RSA/FlamP (RSA) 24th Mar","FlamP","24-03-2014 12:50","R6 1000m Hcap","","5839807","Wolfs Girl","11.5","24","143.86","24-03-2014 12:55:59","24-03-2014 12:46:29","0","NI"
"7","113400296","24-03-2014 13:05:07","RSA","RSA/FlamP (RSA) 24th Mar","FlamP","24-03-2014 12:50","R6 1000m Hcap","","5839807","Wolfs Girl","9.4","4","21.34","24-03-2014 12:39:42","24-03-2014 12:36:58","0","NI"
"7","113400297","24-03-2014 13:05:06","RSA","RSA/FlamP (RSA) 24th Mar","FlamP","24-03-2014 12:50","TO BE PLACED","","5839807","Wolfs Girl","3.09","6","25.14","24-03-2014 12:50:18","24-03-2014 12:48:13","0","NI"
"7","113400296","24-03-2014 13:05:07","RSA","RSA/FlamP (RSA) 24th Mar","FlamP","24-03-2014 12:50","R6 1000m Hcap","","5839807","Wolfs Girl","11","54","251","24-03-2014 12:55:59","24-03-2014 12:41:44","0","NI"
"7","113400297","24-03-2014 13:05:06","RSA","RSA/FlamP (RSA) 24th Mar","FlamP","24-03-2014 12:50","TO BE PLACED","","5839807","Wolfs Girl","3.14","7","14.38","24-03-2014 12:50:17","24-03-2014 12:48:05","0","NI"
"7","113400297","24-03-2014 13:05:06","RSA","RSA/FlamP (RSA) 24th Mar","FlamP","24-03-2014 12:50","TO BE PLACED","","5839807","Wolfs Girl","3.49","4","11.68","24-03-2014 12:46:50","24-03-2014 12:44:02","0","NI"
"7","113400296","24-03-2014 13:05:07","RSA","RSA/FlamP (RSA) 24th Mar","FlamP","24-03-2014 12:50","R6 1000m Hcap","","5839807","Wolfs Girl","10.5","42","241.1","24-03-2014 12:51:28","24-03-2014 12:36:44","0","NI"
"7","113400296","24-03-2014 13:05:07","RSA","RSA/FlamP (RSA) 24th Mar","FlamP","24-03-2014 12:50","R6 1000m Hcap","","5839807","Wolfs Girl","9.8","2",".02","24-03-2014 12:43:13","24-03-2014 12:43:13","0","NI"
"7","113400297","24-03-2014 13:05:06","RSA","RSA/FlamP (RSA) 24th Mar","FlamP","24-03-2014 12:50","TO BE PLACED","","5839807","Wolfs Girl","3.04","2","5.52","24-03-2014 12:48:34","24-03-2014 12:48:34","0","NI"
"7","113400297","24-03-2014 13:05:06","RSA","RSA/FlamP (RSA) 24th Mar","FlamP","24-03-2014 12:50","TO BE PLACED","","5839807","Wolfs Girl","3.44","2","8","24-03-2014 12:54:56","24-03-2014 12:54:56","0","NI"
"7","113400297","24-03-2014 13:05:06","RSA","RSA/FlamP (RSA) 24th Mar","FlamP","24-03-2014 12:50","TO BE PLACED","","5839807","Wolfs Girl","3.19","3","18.06","24-03-2014 12:53:06","24-03-2014 12:52:33","0","NI"
"7","113719510","14-04-2014 13:04:09","RSA","RSA/FlamP (RSA) 14th Apr","FlamP","14-04-2014 12:55","R6 1000m Hcap","","5839807","Wolfs Girl","5.5","42","430.22","14-04-2014 12:55:37","14-04-2014 12:53:12","0","NI"
"7","113719510","14-04-2014 13:04:09","RSA","RSA/FlamP (RSA) 14th Apr","FlamP","14-04-2014 12:55","R6 1000m Hcap","","5839807","Wolfs Girl","6.8","23","302.14","14-04-2014 12:51:42","14-04-2014 12:38:54","0","NI"
"7","113719510","14-04-2014 13:04:09","RSA","RSA/FlamP (RSA) 14th Apr","FlamP","14-04-2014 12:55","R6 1000m Hcap","","5839807","Wolfs Girl","6","15","97.3","14-04-2014 12:55:38","14-04-2014 12:52:18","0","NI"
"7","113719511","14-04-2014 13:04:09","RSA","RSA/FlamP (RSA) 14th Apr","FlamP","14-04-2014 12:55","TO BE PLACED","","5839807","Wolfs Girl","2.18","5","27.56","14-04-2014 12:48:24","14-04-2014 12:42:34","0","NI"
"7","113719511","14-04-2014 13:04:09","RSA","RSA/FlamP (RSA) 14th Apr","FlamP","14-04-2014 12:55","TO BE PLACED","","5839807","Wolfs Girl","2.2","4","12.24","14-04-2014 12:48:12","14-04-2014 12:45:10","0","NI"
"7","113719510","14-04-2014 13:04:09","RSA","RSA/FlamP (RSA) 14th Apr","FlamP","14-04-2014 12:55","R6 1000m Hcap","","5839807","Wolfs Girl","7.4","25","481.5","14-04-2014 12:45:46","14-04-2014 12:03:34","0","NI"
"7","113719511","14-04-2014 13:04:09","RSA","RSA/FlamP (RSA) 14th Apr","FlamP","14-04-2014 12:55","TO BE PLACED","","5839807","Wolfs Girl","2.12","6","41.28","14-04-2014 12:54:32","14-04-2014 12:50:49","0","NI"
"7","113719511","14-04-2014 13:04:09","RSA","RSA/FlamP (RSA) 14th Apr","FlamP","14-04-2014 12:55","TO BE PLACED","","5839807","Wolfs Girl","2.16","6","82.54","14-04-2014 12:51:41","14-04-2014 12:48:24","0","NI"
"7","113719510","14-04-2014 13:04:09","RSA","RSA/FlamP (RSA) 14th Apr","FlamP","14-04-2014 12:55","R6 1000m Hcap","","5839807","Wolfs Girl","5.7","12","95","14-04-2014 12:55:47","14-04-2014 12:52:46","0","NI"
"7","113719511","14-04-2014 13:04:09","RSA","RSA/FlamP (RSA) 14th Apr","FlamP","14-04-2014 12:55","TO BE PLACED","","5839807","Wolfs Girl","2","2","30.8","14-04-2014 12:53:57","14-04-2014 12:53:57","0","NI"
"7","113719510","14-04-2014 13:04:09","RSA","RSA/FlamP (RSA) 14th Apr","FlamP","14-04-2014 12:55","R6 1000m Hcap","","5839807","Wolfs Girl","6.4","5","27.2","14-04-2014 12:51:53","14-04-2014 12:51:47","0","NI"
"7","113719510","14-04-2014 13:04:09","RSA","RSA/FlamP (RSA) 14th Apr","FlamP","14-04-2014 12:55","R6 1000m Hcap","","5839807","Wolfs Girl","5.6","23","300.48","14-04-2014 12:55:37","14-04-2014 12:52:57","0","NI"
"7","113719510","14-04-2014 13:04:09","RSA","RSA/FlamP (RSA) 14th Apr","FlamP","14-04-2014 12:55","R6 1000m Hcap","","5839807","Wolfs Girl","6.6","22","124.24","14-04-2014 12:51:45","14-04-2014 12:39:09","0","NI"
"7","113719510","14-04-2014 13:04:09","RSA","RSA/FlamP (RSA) 14th Apr","FlamP","14-04-2014 12:55","R6 1000m Hcap","","5839807","Wolfs Girl","7.8","6","8.1","14-04-2014 12:45:38","14-04-2014 12:03:34","0","NI"
"7","113719511","14-04-2014 13:04:09","RSA","RSA/FlamP (RSA) 14th Apr","FlamP","14-04-2014 12:55","TO BE PLACED","","5839807","Wolfs Girl","2.26","9","118.7","14-04-2014 12:51:21","14-04-2014 12:45:24","0","NI"
"7","113719510","14-04-2014 13:04:09","RSA","RSA/FlamP (RSA) 14th Apr","FlamP","14-04-2014 12:55","R6 1000m Hcap","","5839807","Wolfs Girl","5.4","30","235.1","14-04-2014 12:56:27","14-04-2014 12:53:08","0","NI"
"7","113719510","14-04-2014 13:04:09","RSA","RSA/FlamP (RSA) 14th Apr","FlamP","14-04-2014 12:55","R6 1000m Hcap","","5839807","Wolfs Girl","7.6","10","45.68","14-04-2014 12:45:38","14-04-2014 12:03:34","0","NI"
"7","113719510","14-04-2014 13:04:09","RSA","RSA/FlamP (RSA) 14th Apr","FlamP","14-04-2014 12:55","R6 1000m Hcap","","5839807","Wolfs Girl","8","3","30","14-04-2014 12:27:22","14-04-2014 12:25:37","0","NI"
"7","113719510","14-04-2014 13:04:09","RSA","RSA/FlamP (RSA) 14th Apr","FlamP","14-04-2014 12:55","R6 1000m Hcap","","5839807","Wolfs Girl","5.3","18","161.4","14-04-2014 12:56:33","14-04-2014 12:54:56","0","NI"
"7","113719510","14-04-2014 13:04:09","RSA","RSA/FlamP (RSA) 14th Apr","FlamP","14-04-2014 12:55","R6 1000m Hcap","","5839807","Wolfs Girl","5.9","7","25.8","14-04-2014 12:54:39","14-04-2014 12:52:39","0","NI"
"7","113719510","14-04-2014 13:04:09","RSA","RSA/FlamP (RSA) 14th Apr","FlamP","14-04-2014 12:55","R6 1000m Hcap","","5839807","Wolfs Girl","6.2","8","34.96","14-04-2014 12:52:18","14-04-2014 12:52:06","0","NI"
"7","113719511","14-04-2014 13:04:09","RSA","RSA/FlamP (RSA) 14th Apr","FlamP","14-04-2014 12:55","TO BE PLACED","","5839807","Wolfs Girl","2.38","2","3.98","14-04-2014 12:42:34","14-04-2014 12:42:34","0","NI"
"7","113719510","14-04-2014 13:04:09","RSA","RSA/FlamP (RSA) 14th Apr","FlamP","14-04-2014 12:55","R6 1000m Hcap","","5839807","Wolfs Girl","7","43","570.1","14-04-2014 12:50:45","14-04-2014 12:38:05","0","NI"
"7","113719511","14-04-2014 13:04:09","RSA","RSA/FlamP (RSA) 14th Apr","FlamP","14-04-2014 12:55","TO BE PLACED","","5839807","Wolfs Girl","1.99","7","240.24","14-04-2014 12:55:38","14-04-2014 12:53:57","0","NI"
"7","113719510","14-04-2014 13:04:09","RSA","RSA/FlamP (RSA) 14th Apr","FlamP","14-04-2014 12:55","R6 1000m Hcap","","5839807","Wolfs Girl","5.1","13","281.58","14-04-2014 12:56:40","14-04-2014 12:55:32","0","NI"
"7","113719511","14-04-2014 13:04:09","RSA","RSA/FlamP (RSA) 14th Apr","FlamP","14-04-2014 12:55","TO BE PLACED","","5839807","Wolfs Girl","2.02","4","15.2","14-04-2014 12:54:55","14-04-2014 12:53:32","0","NI"
"7","113719511","14-04-2014 13:04:09","RSA","RSA/FlamP (RSA) 14th Apr","FlamP","14-04-2014 12:55","TO BE PLACED","","5839807","Wolfs Girl","1.97","10","106.42","14-04-2014 12:56:31","14-04-2014 12:55:51","0","NI"
"7","113719511","14-04-2014 13:04:09","RSA","RSA/FlamP (RSA) 14th Apr","FlamP","14-04-2014 12:55","TO BE PLACED","","5839807","Wolfs Girl","2.08","7","29.58","14-04-2014 12:54:09","14-04-2014 12:53:12","0","NI"
"7","113719510","14-04-2014 13:04:09","RSA","RSA/FlamP (RSA) 14th Apr","FlamP","14-04-2014 12:55","R6 1000m Hcap","","5839807","Wolfs Girl","7.2","36","650.78","14-04-2014 12:47:02","14-04-2014 12:29:50","0","NI"
"7","113719510","14-04-2014 13:04:09","RSA","RSA/FlamP (RSA) 14th Apr","FlamP","14-04-2014 12:55","R6 1000m Hcap","","5839807","Wolfs Girl","5.8","14","167.64","14-04-2014 12:56:22","14-04-2014 12:52:46","0","NI"
"7","113719510","14-04-2014 13:04:09","RSA","RSA/FlamP (RSA) 14th Apr","FlamP","14-04-2014 12:55","R6 1000m Hcap","","5839807","Wolfs Girl","5.2","8","421.72","14-04-2014 12:56:34","14-04-2014 12:55:20","0","NI"
"7","113719511","14-04-2014 13:04:09","RSA","RSA/FlamP (RSA) 14th Apr","FlamP","14-04-2014 12:55","TO BE PLACED","","5839807","Wolfs Girl","1.98","2","4","14-04-2014 12:55:50","14-04-2014 12:55:50","0","NI"
"7","113719511","14-04-2014 13:04:09","RSA","RSA/FlamP (RSA) 14th Apr","FlamP","14-04-2014 12:55","TO BE PLACED","","5839807","Wolfs Girl","2.14","6","61.96","14-04-2014 12:54:49","14-04-2014 12:50:54","0","NI"
"7","114001712","05-05-2014 13:25:29","RSA","RSA/FlamP (RSA) 5th May","FlamP","05-05-2014 13:20","R7 1200m Stks","","5839807","Wolfs Girl","27","5","16.96","05-05-2014 13:21:29","05-05-2014 13:20:37","0","NI"
"7","114001713","05-05-2014 13:25:29","RSA","RSA/FlamP (RSA) 5th May","FlamP","05-05-2014 13:20","TO BE PLACED","","5839807","Wolfs Girl","5.8","2","5.5","05-05-2014 13:17:29","05-05-2014 13:17:29","1","NI"
"7","114001712","05-05-2014 13:25:29","RSA","RSA/FlamP (RSA) 5th May","FlamP","05-05-2014 13:20","R7 1200m Stks","","5839807","Wolfs Girl","26","2","3.3","05-05-2014 13:20:48","05-05-2014 13:20:48","0","NI"
"7","114001712","05-05-2014 13:25:29","RSA","RSA/FlamP (RSA) 5th May","FlamP","05-05-2014 13:20","R7 1200m Stks","","5839807","Wolfs Girl","28","4","17.38","05-05-2014 13:19:32","05-05-2014 13:19:32","0","NI"
"7","114001713","05-05-2014 13:25:29","RSA","RSA/FlamP (RSA) 5th May","FlamP","05-05-2014 13:20","TO BE PLACED","","5839807","Wolfs Girl","5.5","3","13.46","05-05-2014 13:18:26","05-05-2014 13:17:49","1","NI"
"7","114293288","02-06-2014 14:40:35","RSA","RSA/FlamP (RSA) 2nd Jun","FlamP","02-06-2014 14:30","TO BE PLACED","","5839807","Wolfs Girl","2.68","2","4.72","02-06-2014 14:32:14","02-06-2014 14:32:14","0","NI"
"7","114293287","02-06-2014 14:40:33","RSA","RSA/FlamP (RSA) 2nd Jun","FlamP","02-06-2014 14:30","R9 1200m Hcap","","5839807","Wolfs Girl","6.2","52","767.34","02-06-2014 14:32:34","02-06-2014 14:08:04","0","NI"
"7","114293288","02-06-2014 14:40:35","RSA","RSA/FlamP (RSA) 2nd Jun","FlamP","02-06-2014 14:30","TO BE PLACED","","5839807","Wolfs Girl","2.64","2","16","02-06-2014 14:32:41","02-06-2014 14:32:41","0","NI"
"7","114293288","02-06-2014 14:40:35","RSA","RSA/FlamP (RSA) 2nd Jun","FlamP","02-06-2014 14:30","TO BE PLACED","","5839807","Wolfs Girl","2.14","4","51.08","02-06-2014 14:23:56","02-06-2014 14:23:12","0","NI"
"7","114293288","02-06-2014 14:40:35","RSA","RSA/FlamP (RSA) 2nd Jun","FlamP","02-06-2014 14:30","TO BE PLACED","","5839807","Wolfs Girl","2.4","2","3","02-06-2014 14:30:38","02-06-2014 14:30:38","0","NI"
"7","114293287","02-06-2014 14:40:33","RSA","RSA/FlamP (RSA) 2nd Jun","FlamP","02-06-2014 14:30","R9 1200m Hcap","","5839807","Wolfs Girl","5.6","6","97.82","02-06-2014 14:25:34","02-06-2014 14:24:15","0","NI"
"7","114293287","02-06-2014 14:40:33","RSA","RSA/FlamP (RSA) 2nd Jun","FlamP","02-06-2014 14:30","R9 1200m Hcap","","5839807","Wolfs Girl","7.2","8","30.02","02-06-2014 14:32:08","02-06-2014 14:31:37","0","NI"
"7","114293288","02-06-2014 14:40:35","RSA","RSA/FlamP (RSA) 2nd Jun","FlamP","02-06-2014 14:30","TO BE PLACED","","5839807","Wolfs Girl","2.54","6","24.56","02-06-2014 14:32:14","02-06-2014 14:31:32","0","NI"
"7","114293287","02-06-2014 14:40:33","RSA","RSA/FlamP (RSA) 2nd Jun","FlamP","02-06-2014 14:30","R9 1200m Hcap","","5839807","Wolfs Girl","5.3","4","9.56","02-06-2014 14:20:21","02-06-2014 14:19:52","0","NI"
"7","114293288","02-06-2014 14:40:35","RSA","RSA/FlamP (RSA) 2nd Jun","FlamP","02-06-2014 14:30","TO BE PLACED","","5839807","Wolfs Girl","2.32","4","13.64","02-06-2014 14:28:59","02-06-2014 14:27:23","0","NI"
"7","114293287","02-06-2014 14:40:33","RSA","RSA/FlamP (RSA) 2nd Jun","FlamP","02-06-2014 14:30","R9 1200m Hcap","","5839807","Wolfs Girl","6.8","7","79.9","02-06-2014 14:32:36","02-06-2014 14:32:00","0","NI"
"7","114293288","02-06-2014 14:40:35","RSA","RSA/FlamP (RSA) 2nd Jun","FlamP","02-06-2014 14:30","TO BE PLACED","","5839807","Wolfs Girl","2.7","2","5.52","02-06-2014 14:32:12","02-06-2014 14:32:12","0","NI"
"7","114293288","02-06-2014 14:40:35","RSA","RSA/FlamP (RSA) 2nd Jun","FlamP","02-06-2014 14:30","TO BE PLACED","","5839807","Wolfs Girl","2.46","7","120","02-06-2014 14:30:25","02-06-2014 14:29:51","0","NI"
"7","114293288","02-06-2014 14:40:35","RSA","RSA/FlamP (RSA) 2nd Jun","FlamP","02-06-2014 14:30","TO BE PLACED","","5839807","Wolfs Girl","2.22","5","36.5","02-06-2014 14:26:19","02-06-2014 14:24:47","0","NI"
"7","114293288","02-06-2014 14:40:35","RSA","RSA/FlamP (RSA) 2nd Jun","FlamP","02-06-2014 14:30","TO BE PLACED","","5839807","Wolfs Girl","2.16","2","3.26","02-06-2014 14:23:56","02-06-2014 14:23:56","0","NI"
"7","114293287","02-06-2014 14:40:33","RSA","RSA/FlamP (RSA) 2nd Jun","FlamP","02-06-2014 14:30","R9 1200m Hcap","","5839807","Wolfs Girl","7","10","27.06","02-06-2014 14:32:01","02-06-2014 14:31:26","0","NI"
"7","114293288","02-06-2014 14:40:35","RSA","RSA/FlamP (RSA) 2nd Jun","FlamP","02-06-2014 14:30","TO BE PLACED","","5839807","Wolfs Girl","2.18","2","9.28","02-06-2014 14:12:45","02-06-2014 14:12:45","0","NI"
"7","114293288","02-06-2014 14:40:35","RSA","RSA/FlamP (RSA) 2nd Jun","FlamP","02-06-2014 14:30","TO BE PLACED","","5839807","Wolfs Girl","2.44","15","200.2","02-06-2014 14:30:39","02-06-2014 14:29:24","0","NI"
"7","114293287","02-06-2014 14:40:33","RSA","RSA/FlamP (RSA) 2nd Jun","FlamP","02-06-2014 14:30","R9 1200m Hcap","","5839807","Wolfs Girl","6","27","342.18","02-06-2014 14:30:04","02-06-2014 14:09:23","0","NI"
"7","114293288","02-06-2014 14:40:35","RSA","RSA/FlamP (RSA) 2nd Jun","FlamP","02-06-2014 14:30","TO BE PLACED","","5839807","Wolfs Girl","2.38","6","130.12","02-06-2014 14:29:27","02-06-2014 14:28:38","0","NI"
"7","114293287","02-06-2014 14:40:33","RSA","RSA/FlamP (RSA) 2nd Jun","FlamP","02-06-2014 14:30","R9 1200m Hcap","","5839807","Wolfs Girl","5.8","4","17.98","02-06-2014 14:23:41","02-06-2014 14:23:04","0","NI"
"7","114293287","02-06-2014 14:40:33","RSA","RSA/FlamP (RSA) 2nd Jun","FlamP","02-06-2014 14:30","R9 1200m Hcap","","5839807","Wolfs Girl","6.6","41","501.7","02-06-2014 14:32:36","02-06-2014 14:27:40","0","NI"
"7","114293288","02-06-2014 14:40:35","RSA","RSA/FlamP (RSA) 2nd Jun","FlamP","02-06-2014 14:30","TO BE PLACED","","5839807","Wolfs Girl","2.42","3","30","02-06-2014 14:30:08","02-06-2014 14:30:06","0","NI"
"7","114293287","02-06-2014 14:40:33","RSA","RSA/FlamP (RSA) 2nd Jun","FlamP","02-06-2014 14:30","R9 1200m Hcap","","5839807","Wolfs Girl","5.5","5","44","02-06-2014 14:23:04","02-06-2014 14:17:24","0","NI"
"7","114293287","02-06-2014 14:40:33","RSA","RSA/FlamP (RSA) 2nd Jun","FlamP","02-06-2014 14:30","R9 1200m Hcap","","5839807","Wolfs Girl","5.9","7","91.5","02-06-2014 14:26:05","02-06-2014 14:11:22","0","NI"
"7","114293288","02-06-2014 14:40:35","RSA","RSA/FlamP (RSA) 2nd Jun","FlamP","02-06-2014 14:30","TO BE PLACED","","5839807","Wolfs Girl","2.2","4","7.86","02-06-2014 14:26:19","02-06-2014 14:12:45","0","NI"
"7","114293287","02-06-2014 14:40:33","RSA","RSA/FlamP (RSA) 2nd Jun","FlamP","02-06-2014 14:30","R9 1200m Hcap","","5839807","Wolfs Girl","7.4","14","61.42","02-06-2014 14:32:37","02-06-2014 14:31:50","0","NI"
"7","114293288","02-06-2014 14:40:35","RSA","RSA/FlamP (RSA) 2nd Jun","FlamP","02-06-2014 14:30","TO BE PLACED","","5839807","Wolfs Girl","2.5","8","65.38","02-06-2014 14:31:49","02-06-2014 14:29:22","0","NI"
"7","114293288","02-06-2014 14:40:35","RSA","RSA/FlamP (RSA) 2nd Jun","FlamP","02-06-2014 14:30","TO BE PLACED","","5839807","Wolfs Girl","2.36","3","8.9","02-06-2014 14:28:42","02-06-2014 14:28:42","0","NI"
"7","114293287","02-06-2014 14:40:33","RSA","RSA/FlamP (RSA) 2nd Jun","FlamP","02-06-2014 14:30","R9 1200m Hcap","","5839807","Wolfs Girl","6.4","40","377.14","02-06-2014 14:32:44","02-06-2014 14:27:56","0","NI"
"7","114293287","02-06-2014 14:40:33","RSA","RSA/FlamP (RSA) 2nd Jun","FlamP","02-06-2014 14:30","R9 1200m Hcap","","5839807","Wolfs Girl","5.7","2","4.36","02-06-2014 14:25:07","02-06-2014 14:25:07","0","NI"
"7","114293288","02-06-2014 14:40:35","RSA","RSA/FlamP (RSA) 2nd Jun","FlamP","02-06-2014 14:30","TO BE PLACED","","5839807","Wolfs Girl","2.56","4","20.4","02-06-2014 14:32:14","02-06-2014 14:31:37","0","NI"
"7","114293288","02-06-2014 14:40:35","RSA","RSA/FlamP (RSA) 2nd Jun","FlamP","02-06-2014 14:30","TO BE PLACED","","5839807","Wolfs Girl","2.48","13","74.08","02-06-2014 14:30:28","02-06-2014 14:28:35","0","NI"
"7","114293288","02-06-2014 14:40:35","RSA","RSA/FlamP (RSA) 2nd Jun","FlamP","02-06-2014 14:30","TO BE PLACED","","5839807","Wolfs Girl","2.66","2","66","02-06-2014 14:32:41","02-06-2014 14:32:41","0","NI"
"7","114340082","09-06-2014 13:04:59","RSA","RSA/FlamP (RSA) 9th Jun","FlamP","09-06-2014 12:50","R6 1000m Hcap","","5839807","Wolfs Girl","3.9","33","388.16","09-06-2014 12:51:48","09-06-2014 12:42:47","0","NI"
"7","114340083","09-06-2014 13:05:25","RSA","RSA/FlamP (RSA) 9th Jun","FlamP","09-06-2014 12:50","TO BE PLACED","","5839807","Wolfs Girl","1.5","2","25.38","09-06-2014 12:45:57","09-06-2014 12:45:57","0","NI"
"7","114340082","09-06-2014 13:04:59","RSA","RSA/FlamP (RSA) 9th Jun","FlamP","09-06-2014 12:50","R6 1000m Hcap","","5839807","Wolfs Girl","4.1","5","50.18","09-06-2014 12:43:29","09-06-2014 12:43:21","0","NI"
"7","114340082","09-06-2014 13:04:59","RSA","RSA/FlamP (RSA) 9th Jun","FlamP","09-06-2014 12:50","R6 1000m Hcap","","5839807","Wolfs Girl","3.65","21","111.84","09-06-2014 12:50:39","09-06-2014 09:23:18","0","NI"
"7","114340083","09-06-2014 13:05:25","RSA","RSA/FlamP (RSA) 9th Jun","FlamP","09-06-2014 12:50","TO BE PLACED","","5839807","Wolfs Girl","1.54","17","661.26","09-06-2014 12:49:51","09-06-2014 12:46:19","0","NI"
"7","114340083","09-06-2014 13:05:25","RSA","RSA/FlamP (RSA) 9th Jun","FlamP","09-06-2014 12:50","TO BE PLACED","","5839807","Wolfs Girl","1.41","6","72.94","09-06-2014 12:40:30","09-06-2014 12:33:44","0","NI"
"7","114340083","09-06-2014 13:05:25","RSA","RSA/FlamP (RSA) 9th Jun","FlamP","09-06-2014 12:50","TO BE PLACED","","5839807","Wolfs Girl","1.49","8","63.7","09-06-2014 12:51:23","09-06-2014 12:50:40","0","NI"
"7","114340082","09-06-2014 13:04:59","RSA","RSA/FlamP (RSA) 9th Jun","FlamP","09-06-2014 12:50","R6 1000m Hcap","","5839807","Wolfs Girl","3.8","50","702.78","09-06-2014 12:52:02","09-06-2014 12:41:52","0","NI"
"7","114340082","09-06-2014 13:04:59","RSA","RSA/FlamP (RSA) 9th Jun","FlamP","09-06-2014 12:50","R6 1000m Hcap","","5839807","Wolfs Girl","3.75","36","1452.22","09-06-2014 12:51:15","09-06-2014 12:48:43","0","NI"
"7","114340082","09-06-2014 13:04:59","RSA","RSA/FlamP (RSA) 9th Jun","FlamP","09-06-2014 12:50","R6 1000m Hcap","","5839807","Wolfs Girl","3.85","52","937.88","09-06-2014 12:51:45","09-06-2014 12:41:52","0","NI"
"7","114340082","09-06-2014 13:04:59","RSA","RSA/FlamP (RSA) 9th Jun","FlamP","09-06-2014 12:50","R6 1000m Hcap","","5839807","Wolfs Girl","3.6","5","30.86","09-06-2014 12:38:53","09-06-2014 12:38:02","0","NI"
"7","114340082","09-06-2014 13:04:59","RSA","RSA/FlamP (RSA) 9th Jun","FlamP","09-06-2014 12:50","R6 1000m Hcap","","5839807","Wolfs Girl","4","15","159.18","09-06-2014 12:46:38","09-06-2014 12:43:01","0","NI"
"7","114340082","09-06-2014 13:04:59","RSA","RSA/FlamP (RSA) 9th Jun","FlamP","09-06-2014 12:50","R6 1000m Hcap","","5839807","Wolfs Girl","3.7","40","717.88","09-06-2014 12:51:04","09-06-2014 12:29:06","0","NI"
"7","114340083","09-06-2014 13:05:25","RSA","RSA/FlamP (RSA) 9th Jun","FlamP","09-06-2014 12:50","TO BE PLACED","","5839807","Wolfs Girl","1.58","2","16","09-06-2014 12:46:29","09-06-2014 12:46:29","0","NI"
"7","114340083","09-06-2014 13:05:25","RSA","RSA/FlamP (RSA) 9th Jun","FlamP","09-06-2014 12:50","TO BE PLACED","","5839807","Wolfs Girl","1.47","3","88.6","09-06-2014 12:50:35","09-06-2014 12:50:35","0","NI"
"7","114340083","09-06-2014 13:05:25","RSA","RSA/FlamP (RSA) 9th Jun","FlamP","09-06-2014 12:50","TO BE PLACED","","5839807","Wolfs Girl","1.48","5","70.18","09-06-2014 12:50:47","09-06-2014 12:50:40","0","NI"
"7","114340083","09-06-2014 13:05:25","RSA","RSA/FlamP (RSA) 9th Jun","FlamP","09-06-2014 12:50","TO BE PLACED","","5839807","Wolfs Girl","1.53","4","80.46","09-06-2014 12:47:53","09-06-2014 12:45:08","0","NI"
"7","114340083","09-06-2014 13:05:25","RSA","RSA/FlamP (RSA) 9th Jun","FlamP","09-06-2014 12:50","TO BE PLACED","","5839807","Wolfs Girl","1.55","2","246.58","09-06-2014 12:48:43","09-06-2014 12:48:43","0","NI"
"7","114340083","09-06-2014 13:05:25","RSA","RSA/FlamP (RSA) 9th Jun","FlamP","09-06-2014 12:50","TO BE PLACED","","5839807","Wolfs Girl","1.42","2","3.96","09-06-2014 12:33:44","09-06-2014 12:33:44","0","NI"
"7","114340082","09-06-2014 13:04:59","RSA","RSA/FlamP (RSA) 9th Jun","FlamP","09-06-2014 12:50","R6 1000m Hcap","","5839807","Wolfs Girl","3.95","17","250","09-06-2014 12:52:02","09-06-2014 12:45:12","0","NI"
"7","114340083","09-06-2014 13:05:25","RSA","RSA/FlamP (RSA) 9th Jun","FlamP","09-06-2014 12:50","TO BE PLACED","","5839807","Wolfs Girl","1.52","11","351.8","09-06-2014 12:48:42","09-06-2014 12:35:23","0","NI"
"7","114340083","09-06-2014 13:05:25","RSA","RSA/FlamP (RSA) 9th Jun","FlamP","09-06-2014 12:50","TO BE PLACED","","5839807","Wolfs Girl","1.51","11","131.08","09-06-2014 12:51:42","09-06-2014 12:35:23","0","NI"
"7","114340082","09-06-2014 13:04:59","RSA","RSA/FlamP (RSA) 9th Jun","FlamP","09-06-2014 12:50","R6 1000m Hcap","","5839807","Wolfs Girl","3.55","2","4","09-06-2014 12:38:37","09-06-2014 12:38:37","0","NI"
"7","114824426","02-08-2014 11:35:19","RSA","RSA/FlamP (RSA) 2nd Aug","FlamP","02-08-2014 11:25","R3 1200m Hcap","","5839807","Wolfs Girl","32","3","5.94","02-08-2014 11:24:38","02-08-2014 11:24:38","0","NI"
"7","114824426","02-08-2014 11:35:19","RSA","RSA/FlamP (RSA) 2nd Aug","FlamP","02-08-2014 11:25","R3 1200m Hcap","","5839807","Wolfs Girl","17.5","9","13.22","02-08-2014 11:23:40","02-08-2014 11:22:29","0","NI"
"7","114824426","02-08-2014 11:35:19","RSA","RSA/FlamP (RSA) 2nd Aug","FlamP","02-08-2014 11:25","R3 1200m Hcap","","5839807","Wolfs Girl","22","8","12.2","02-08-2014 11:25:52","02-08-2014 11:24:53","0","NI"
"7","114824426","02-08-2014 11:35:19","RSA","RSA/FlamP (RSA) 2nd Aug","FlamP","02-08-2014 11:25","R3 1200m Hcap","","5839807","Wolfs Girl","24","4","14.18","02-08-2014 11:25:14","02-08-2014 11:25:14","0","NI"
"7","114824426","02-08-2014 11:35:19","RSA","RSA/FlamP (RSA) 2nd Aug","FlamP","02-08-2014 11:25","R3 1200m Hcap","","5839807","Wolfs Girl","20","9","29.38","02-08-2014 11:25:28","02-08-2014 11:23:23","0","NI"
"7","114824426","02-08-2014 11:35:19","RSA","RSA/FlamP (RSA) 2nd Aug","FlamP","02-08-2014 11:25","R3 1200m Hcap","","5839807","Wolfs Girl","23","5","15.22","02-08-2014 11:26:35","02-08-2014 11:25:14","0","NI"
"7","114824426","02-08-2014 11:35:19","RSA","RSA/FlamP (RSA) 2nd Aug","FlamP","02-08-2014 11:25","R3 1200m Hcap","","5839807","Wolfs Girl","18.5","4","10.3","02-08-2014 11:24:57","02-08-2014 11:22:38","0","NI"
"7","115059403","18-08-2014 11:05:04","RSA","RSA/FlamP (RSA) 18th Aug","FlamP","18-08-2014 10:50","R2 1200m Hcap","","5839807","Wolfs Girl","7.6","2","4","18-08-2014 10:28:08","18-08-2014 10:28:08","0","NI"
"7","115059404","18-08-2014 11:05:05","RSA","RSA/FlamP (RSA) 18th Aug","FlamP","18-08-2014 10:50","TO BE PLACED","","5839807","Wolfs Girl","2.88","2","3.2","18-08-2014 10:52:42","18-08-2014 10:52:42","1","NI"
"7","115059403","18-08-2014 11:05:04","RSA","RSA/FlamP (RSA) 18th Aug","FlamP","18-08-2014 10:50","R2 1200m Hcap","","5839807","Wolfs Girl","5.9","2","4","17-08-2014 15:24:36","17-08-2014 15:24:36","0","NI"
"7","115059404","18-08-2014 11:05:05","RSA","RSA/FlamP (RSA) 18th Aug","FlamP","18-08-2014 10:50","TO BE PLACED","","5839807","Wolfs Girl","2.72","5","124.04","18-08-2014 10:52:13","18-08-2014 10:51:17","1","NI"
"7","115059403","18-08-2014 11:05:04","RSA","RSA/FlamP (RSA) 18th Aug","FlamP","18-08-2014 10:50","R2 1200m Hcap","","5839807","Wolfs Girl","10.5","20","105.3","18-08-2014 10:51:58","18-08-2014 10:20:52","0","NI"
"7","115059404","18-08-2014 11:05:05","RSA","RSA/FlamP (RSA) 18th Aug","FlamP","18-08-2014 10:50","TO BE PLACED","","5839807","Wolfs Girl","2.8","6","29.06","18-08-2014 10:50:36","18-08-2014 10:49:27","1","NI"
"7","115059404","18-08-2014 11:05:05","RSA","RSA/FlamP (RSA) 18th Aug","FlamP","18-08-2014 10:50","TO BE PLACED","","5839807","Wolfs Girl","2.82","2","7.32","18-08-2014 10:46:31","18-08-2014 10:46:31","1","NI"
"7","115059403","18-08-2014 11:05:04","RSA","RSA/FlamP (RSA) 18th Aug","FlamP","18-08-2014 10:50","R2 1200m Hcap","","5839807","Wolfs Girl","11","48","248.68","18-08-2014 10:52:35","18-08-2014 10:21:10","0","NI"
"7","115059404","18-08-2014 11:05:05","RSA","RSA/FlamP (RSA) 18th Aug","FlamP","18-08-2014 10:50","TO BE PLACED","","5839807","Wolfs Girl","2.84","2","3.2","18-08-2014 10:50:38","18-08-2014 10:50:38","1","NI"
"7","115059404","18-08-2014 11:05:05","RSA","RSA/FlamP (RSA) 18th Aug","FlamP","18-08-2014 10:50","TO BE PLACED","","5839807","Wolfs Girl","2.28","4","34.1","18-08-2014 10:35:41","18-08-2014 10:32:32","1","NI"
"7","115059404","18-08-2014 11:05:05","RSA","RSA/FlamP (RSA) 18th Aug","FlamP","18-08-2014 10:50","TO BE PLACED","","5839807","Wolfs Girl","2.68","2","4","18-08-2014 10:52:13","18-08-2014 10:52:13","1","NI"
"7","115059404","18-08-2014 11:05:05","RSA","RSA/FlamP (RSA) 18th Aug","FlamP","18-08-2014 10:50","TO BE PLACED","","5839807","Wolfs Girl","2.76","4","5.88","18-08-2014 10:51:17","18-08-2014 10:49:56","1","NI"
"7","115059404","18-08-2014 11:05:05","RSA","RSA/FlamP (RSA) 18th Aug","FlamP","18-08-2014 10:50","TO BE PLACED","","5839807","Wolfs Girl","2.14","4","7.96","18-08-2014 10:32:20","18-08-2014 10:28:50","1","NI"
"7","115059404","18-08-2014 11:05:05","RSA","RSA/FlamP (RSA) 18th Aug","FlamP","18-08-2014 10:50","TO BE PLACED","","5839807","Wolfs Girl","2.12","6","22.34","18-08-2014 10:33:10","18-08-2014 10:28:50","1","NI"
"7","115059403","18-08-2014 11:05:04","RSA","RSA/FlamP (RSA) 18th Aug","FlamP","18-08-2014 10:50","R2 1200m Hcap","","5839807","Wolfs Girl","12","8","85.34","18-08-2014 10:52:51","18-08-2014 10:50:57","0","NI"
"7","115059403","18-08-2014 11:05:04","RSA","RSA/FlamP (RSA) 18th Aug","FlamP","18-08-2014 10:50","R2 1200m Hcap","","5839807","Wolfs Girl","13.5","2","11.92","18-08-2014 10:53:05","18-08-2014 10:53:05","0","NI"
"7","115059404","18-08-2014 11:05:05","RSA","RSA/FlamP (RSA) 18th Aug","FlamP","18-08-2014 10:50","TO BE PLACED","","5839807","Wolfs Girl","2.1","2","37.04","18-08-2014 10:32:20","18-08-2014 10:32:20","1","NI"
"7","115059404","18-08-2014 11:05:05","RSA","RSA/FlamP (RSA) 18th Aug","FlamP","18-08-2014 10:50","TO BE PLACED","","5839807","Wolfs Girl","2.62","2","6.52","18-08-2014 10:48:05","18-08-2014 10:48:05","1","NI"
"7","115059403","18-08-2014 11:05:04","RSA","RSA/FlamP (RSA) 18th Aug","FlamP","18-08-2014 10:50","R2 1200m Hcap","","5839807","Wolfs Girl","8.2","2","3.9","18-08-2014 10:27:59","18-08-2014 10:27:59","0","NI"
"7","115059404","18-08-2014 11:05:05","RSA","RSA/FlamP (RSA) 18th Aug","FlamP","18-08-2014 10:50","TO BE PLACED","","5839807","Wolfs Girl","3","2","3.2","18-08-2014 10:52:47","18-08-2014 10:52:47","1","NI"
"7","115059404","18-08-2014 11:05:05","RSA","RSA/FlamP (RSA) 18th Aug","FlamP","18-08-2014 10:50","TO BE PLACED","","5839807","Wolfs Girl","2.78","2","7.42","18-08-2014 10:50:28","18-08-2014 10:50:28","1","NI"
"7","115059403","18-08-2014 11:05:04","RSA","RSA/FlamP (RSA) 18th Aug","FlamP","18-08-2014 10:50","R2 1200m Hcap","","5839807","Wolfs Girl","7.8","2","4.1","18-08-2014 10:27:59","18-08-2014 10:27:59","0","NI"
"7","115059403","18-08-2014 11:05:04","RSA","RSA/FlamP (RSA) 18th Aug","FlamP","18-08-2014 10:50","R2 1200m Hcap","","5839807","Wolfs Girl","11.5","33","155.28","18-08-2014 10:52:39","18-08-2014 10:48:52","0","NI"
"7","115059404","18-08-2014 11:05:05","RSA","RSA/FlamP (RSA) 18th Aug","FlamP","18-08-2014 10:50","TO BE PLACED","","5839807","Wolfs Girl","2.7","2","32","18-08-2014 10:48:21","18-08-2014 10:48:21","1","NI"
"7","115059403","18-08-2014 11:05:04","RSA","RSA/FlamP (RSA) 18th Aug","FlamP","18-08-2014 10:50","R2 1200m Hcap","","5839807","Wolfs Girl","10","9","35.84","18-08-2014 10:47:48","18-08-2014 10:43:12","0","NI"
"7","115059403","18-08-2014 11:05:04","RSA","RSA/FlamP (RSA) 18th Aug","FlamP","18-08-2014 10:50","R2 1200m Hcap","","5839807","Wolfs Girl","14.5","2",".06","18-08-2014 10:53:02","18-08-2014 10:53:02","0","NI"
"7","115472872","15-09-2014 11:28:40","RSA","RSA/FlamP (RSA) 15th Sep","FlamP","15-09-2014 11:20","R3 1000m Hcap","","5839807","Wolfs Girl","21","9","20.06","15-09-2014 11:15:32","15-09-2014 11:12:38","0","NI"
"7","115472873","15-09-2014 11:28:41","RSA","RSA/FlamP (RSA) 15th Sep","FlamP","15-09-2014 11:20","TO BE PLACED","","5839807","Wolfs Girl","4.2","2","4.54","15-09-2014 11:20:17","15-09-2014 11:20:17","0","NI"
"7","115472872","15-09-2014 11:28:40","RSA","RSA/FlamP (RSA) 15th Sep","FlamP","15-09-2014 11:20","R3 1000m Hcap","","5839807","Wolfs Girl","15.5","3","4.02","15-09-2014 11:20:49","15-09-2014 11:20:49","0","NI"
"7","115472873","15-09-2014 11:28:41","RSA","RSA/FlamP (RSA) 15th Sep","FlamP","15-09-2014 11:20","TO BE PLACED","","5839807","Wolfs Girl","4.6","15","128.54","15-09-2014 11:19:57","15-09-2014 11:15:38","0","NI"
"7","115472872","15-09-2014 11:28:40","RSA","RSA/FlamP (RSA) 15th Sep","FlamP","15-09-2014 11:20","R3 1000m Hcap","","5839807","Wolfs Girl","19","15","12.86","15-09-2014 11:20:01","15-09-2014 11:09:45","0","NI"
"7","115472872","15-09-2014 11:28:40","RSA","RSA/FlamP (RSA) 15th Sep","FlamP","15-09-2014 11:20","R3 1000m Hcap","","5839807","Wolfs Girl","22","5","8.96","15-09-2014 11:15:58","15-09-2014 11:15:32","0","NI"
"7","115472873","15-09-2014 11:28:41","RSA","RSA/FlamP (RSA) 15th Sep","FlamP","15-09-2014 11:20","TO BE PLACED","","5839807","Wolfs Girl","3.75","3","5.88","15-09-2014 11:02:42","15-09-2014 10:59:14","0","NI"
"7","115472873","15-09-2014 11:28:41","RSA","RSA/FlamP (RSA) 15th Sep","FlamP","15-09-2014 11:20","TO BE PLACED","","5839807","Wolfs Girl","4.5","9","59.82","15-09-2014 11:19:58","15-09-2014 11:16:28","0","NI"
"7","115472873","15-09-2014 11:28:41","RSA","RSA/FlamP (RSA) 15th Sep","FlamP","15-09-2014 11:20","TO BE PLACED","","5839807","Wolfs Girl","4.7","2","4","15-09-2014 11:15:07","15-09-2014 11:15:07","0","NI"
"7","115472872","15-09-2014 11:28:40","RSA","RSA/FlamP (RSA) 15th Sep","FlamP","15-09-2014 11:20","R3 1000m Hcap","","5839807","Wolfs Girl","18","5","10.42","15-09-2014 11:20:39","15-09-2014 11:16:02","0","NI"
"7","115472873","15-09-2014 11:28:41","RSA","RSA/FlamP (RSA) 15th Sep","FlamP","15-09-2014 11:20","TO BE PLACED","","5839807","Wolfs Girl","5.4","2",".78","15-09-2014 11:13:31","15-09-2014 11:13:31","0","NI"
"7","115472872","15-09-2014 11:28:40","RSA","RSA/FlamP (RSA) 15th Sep","FlamP","15-09-2014 11:20","R3 1000m Hcap","","5839807","Wolfs Girl","15","2","1.36","15-09-2014 11:20:49","15-09-2014 11:20:49","0","NI"
"7","115472872","15-09-2014 11:28:40","RSA","RSA/FlamP (RSA) 15th Sep","FlamP","15-09-2014 11:20","R3 1000m Hcap","","5839807","Wolfs Girl","26","2","10","15-09-2014 11:06:27","15-09-2014 11:06:27","0","NI"
"7","115472873","15-09-2014 11:28:41","RSA","RSA/FlamP (RSA) 15th Sep","FlamP","15-09-2014 11:20","TO BE PLACED","","5839807","Wolfs Girl","4.3","2","1.2","15-09-2014 11:20:30","15-09-2014 11:20:30","0","NI"
"7","115472872","15-09-2014 11:28:40","RSA","RSA/FlamP (RSA) 15th Sep","FlamP","15-09-2014 11:20","R3 1000m Hcap","","5839807","Wolfs Girl","19.5","8","13.64","15-09-2014 11:19:33","15-09-2014 11:09:45","0","NI"
"7","115472873","15-09-2014 11:28:41","RSA","RSA/FlamP (RSA) 15th Sep","FlamP","15-09-2014 11:20","TO BE PLACED","","5839807","Wolfs Girl","3.8","2","3.98","15-09-2014 10:59:14","15-09-2014 10:59:14","0","NI"
"7","115472873","15-09-2014 11:28:41","RSA","RSA/FlamP (RSA) 15th Sep","FlamP","15-09-2014 11:20","TO BE PLACED","","5839807","Wolfs Girl","5.3","2",".36","15-09-2014 11:13:26","15-09-2014 11:13:26","0","NI"
"7","115472872","15-09-2014 11:28:40","RSA","RSA/FlamP (RSA) 15th Sep","FlamP","15-09-2014 11:20","R3 1000m Hcap","","5839807","Wolfs Girl","25","3","8","15-09-2014 11:13:13","15-09-2014 11:13:10","0","NI"
"7","115472872","15-09-2014 11:28:40","RSA","RSA/FlamP (RSA) 15th Sep","FlamP","15-09-2014 11:20","R3 1000m Hcap","","5839807","Wolfs Girl","17","3","6.34","15-09-2014 11:20:49","15-09-2014 11:20:49","0","NI"
"7","115472872","15-09-2014 11:28:40","RSA","RSA/FlamP (RSA) 15th Sep","FlamP","15-09-2014 11:20","R3 1000m Hcap","","5839807","Wolfs Girl","16.5","4","20.32","15-09-2014 11:20:49","15-09-2014 11:20:49","0","NI"
"7","115472873","15-09-2014 11:28:41","RSA","RSA/FlamP (RSA) 15th Sep","FlamP","15-09-2014 11:20","TO BE PLACED","","5839807","Wolfs Girl","4.4","2","14.8","15-09-2014 11:20:30","15-09-2014 11:20:30","0","NI"
"7","115472872","15-09-2014 11:28:40","RSA","RSA/FlamP (RSA) 15th Sep","FlamP","15-09-2014 11:20","R3 1000m Hcap","","5839807","Wolfs Girl","18.5","12","21.98","15-09-2014 11:20:39","15-09-2014 11:19:36","0","NI"
"7","115472873","15-09-2014 11:28:41","RSA","RSA/FlamP (RSA) 15th Sep","FlamP","15-09-2014 11:20","TO BE PLACED","","5839807","Wolfs Girl","5.2","5","12.36","15-09-2014 11:13:23","15-09-2014 11:13:17","0","NI"
"7","115472872","15-09-2014 11:28:40","RSA","RSA/FlamP (RSA) 15th Sep","FlamP","15-09-2014 11:20","R3 1000m Hcap","","5839807","Wolfs Girl","20","7","24.24","15-09-2014 11:19:08","15-09-2014 11:17:16","0","NI"
"7","115707860","29-09-2014 14:13:50","RSA","RSA/FlamP (RSA) 29th Sep","FlamP","29-09-2014 14:00","R8 1200m Hcap","","5839807","Wolfs Girl","11.32","23","103.76","29-09-2014 13:59:03","29-09-2014 13:05:47","0","NI"
"7","115707860","29-09-2014 14:13:50","RSA","RSA/FlamP (RSA) 29th Sep","FlamP","29-09-2014 14:00","R8 1200m Hcap","","5839807","Wolfs Girl","14.62","2","2.98","29-09-2014 12:58:43","29-09-2014 12:58:43","0","NI"
"7","115707861","29-09-2014 14:14:29","RSA","RSA/FlamP (RSA) 29th Sep","FlamP","29-09-2014 14:00","TO BE PLACED","","5839807","Wolfs Girl","3.43","2","26.88","29-09-2014 13:58:51","29-09-2014 13:58:51","1","NI"
"7","115707861","29-09-2014 14:14:29","RSA","RSA/FlamP (RSA) 29th Sep","FlamP","29-09-2014 14:00","TO BE PLACED","","5839807","Wolfs Girl","3.48","2","4","29-09-2014 13:57:50","29-09-2014 13:57:50","1","NI"
"7","115707860","29-09-2014 14:13:50","RSA","RSA/FlamP (RSA) 29th Sep","FlamP","29-09-2014 14:00","R8 1200m Hcap","","5839807","Wolfs Girl","12.73","9","90.8","29-09-2014 14:00:53","29-09-2014 12:58:54","0","NI"
"7","115707860","29-09-2014 14:13:50","RSA","RSA/FlamP (RSA) 29th Sep","FlamP","29-09-2014 14:00","R8 1200m Hcap","","5839807","Wolfs Girl","13.67","7","4.9","29-09-2014 14:00:45","29-09-2014 12:58:43","0","NI"
"7","115707861","29-09-2014 14:14:29","RSA","RSA/FlamP (RSA) 29th Sep","FlamP","29-09-2014 14:00","TO BE PLACED","","5839807","Wolfs Girl","3.57","4","7.96","29-09-2014 13:59:53","29-09-2014 13:46:06","1","NI"
"7","115707861","29-09-2014 14:14:29","RSA","RSA/FlamP (RSA) 29th Sep","FlamP","29-09-2014 14:00","TO BE PLACED","","5839807","Wolfs Girl","3.52","9","37.9","29-09-2014 14:00:21","29-09-2014 13:46:06","1","NI"
"7","115707860","29-09-2014 14:13:50","RSA","RSA/FlamP (RSA) 29th Sep","FlamP","29-09-2014 14:00","R8 1200m Hcap","","5839807","Wolfs Girl","10.84","3","10.64","29-09-2014 13:48:37","29-09-2014 13:48:37","0","NI"
"7","115707860","29-09-2014 14:13:50","RSA","RSA/FlamP (RSA) 29th Sep","FlamP","29-09-2014 14:00","R8 1200m Hcap","","5839807","Wolfs Girl","13.2","6","18.74","29-09-2014 14:00:45","29-09-2014 13:40:02","0","NI"
"7","115707860","29-09-2014 14:13:50","RSA","RSA/FlamP (RSA) 29th Sep","FlamP","29-09-2014 14:00","R8 1200m Hcap","","5839807","Wolfs Girl","12.26","23","47.56","29-09-2014 14:00:53","29-09-2014 13:53:53","0","NI"
"7","115707860","29-09-2014 14:13:50","RSA","RSA/FlamP (RSA) 29th Sep","FlamP","29-09-2014 14:00","R8 1200m Hcap","","5839807","Wolfs Girl","9.24","2","4","29-09-2014 13:46:20","29-09-2014 13:46:20","0","NI"
"7","115707860","29-09-2014 14:13:50","RSA","RSA/FlamP (RSA) 29th Sep","FlamP","29-09-2014 14:00","R8 1200m Hcap","","5839807","Wolfs Girl","11.79","49","128.92","29-09-2014 14:00:35","29-09-2014 13:05:47","0","NI"
"7","115707860","29-09-2014 14:13:50","RSA","RSA/FlamP (RSA) 29th Sep","FlamP","29-09-2014 14:00","R8 1200m Hcap","","5839807","Wolfs Girl","14.15","3","5.2","29-09-2014 12:58:43","29-09-2014 12:58:43","0","NI"
"7","115707861","29-09-2014 14:14:29","RSA","RSA/FlamP (RSA) 29th Sep","FlamP","29-09-2014 14:00","TO BE PLACED","","5839807","Wolfs Girl","3.16","2","7.14","29-09-2014 13:50:13","29-09-2014 13:50:13","1","NI"
"7","115789993","06-10-2014 13:03:53","RSA","RSA/FlamP (RSA) 6th Oct","FlamP","06-10-2014 12:55","TO BE PLACED","","5839807","Wolfs Girl","2.44","2","40","06-10-2014 12:55:27","06-10-2014 12:55:27","1","NI"
"7","115789993","06-10-2014 13:03:53","RSA","RSA/FlamP (RSA) 6th Oct","FlamP","06-10-2014 12:55","TO BE PLACED","","5839807","Wolfs Girl","2.3","6","138.88","06-10-2014 12:54:54","06-10-2014 12:53:37","1","NI"
"7","115789993","06-10-2014 13:03:53","RSA","RSA/FlamP (RSA) 6th Oct","FlamP","06-10-2014 12:55","TO BE PLACED","","5839807","Wolfs Girl","2.24","3","4.7","06-10-2014 12:54:04","06-10-2014 12:54:04","1","NI"
"7","115789992","06-10-2014 13:03:52","RSA","RSA/FlamP (RSA) 6th Oct","FlamP","06-10-2014 12:55","R6 1400m Hcap","","5839807","Wolfs Girl","8.4","16","221.48","06-10-2014 12:51:37","06-10-2014 12:37:54","0","NI"
"7","115789992","06-10-2014 13:03:52","RSA","RSA/FlamP (RSA) 6th Oct","FlamP","06-10-2014 12:55","R6 1400m Hcap","","5839807","Wolfs Girl","7.4","5","125.28","06-10-2014 12:55:33","06-10-2014 12:53:05","0","NI"
"7","115789993","06-10-2014 13:03:53","RSA","RSA/FlamP (RSA) 6th Oct","FlamP","06-10-2014 12:55","TO BE PLACED","","5839807","Wolfs Girl","4","2","2.18","06-10-2014 12:39:45","06-10-2014 12:39:45","1","NI"
"7","115789993","06-10-2014 13:03:53","RSA","RSA/FlamP (RSA) 6th Oct","FlamP","06-10-2014 12:55","TO BE PLACED","","5839807","Wolfs Girl","2.32","6","43","06-10-2014 12:54:50","06-10-2014 12:53:52","1","NI"
"7","115789993","06-10-2014 13:03:53","RSA","RSA/FlamP (RSA) 6th Oct","FlamP","06-10-2014 12:55","TO BE PLACED","","5839807","Wolfs Girl","2.48","2","40","06-10-2014 12:53:30","06-10-2014 12:53:30","1","NI"
"7","115789993","06-10-2014 13:03:53","RSA","RSA/FlamP (RSA) 6th Oct","FlamP","06-10-2014 12:55","TO BE PLACED","","5839807","Wolfs Girl","2.36","2","18.68","06-10-2014 12:55:16","06-10-2014 12:55:16","1","NI"
"7","115789992","06-10-2014 13:03:52","RSA","RSA/FlamP (RSA) 6th Oct","FlamP","06-10-2014 12:55","R6 1400m Hcap","","5839807","Wolfs Girl","6.8","18","107.06","06-10-2014 12:54:39","06-10-2014 12:53:31","0","NI"
"7","115789992","06-10-2014 13:03:52","RSA","RSA/FlamP (RSA) 6th Oct","FlamP","06-10-2014 12:55","R6 1400m Hcap","","5839807","Wolfs Girl","8","11","92.58","06-10-2014 12:55:52","06-10-2014 12:44:01","0","NI"
"7","115789993","06-10-2014 13:03:53","RSA","RSA/FlamP (RSA) 6th Oct","FlamP","06-10-2014 12:55","TO BE PLACED","","5839807","Wolfs Girl","2.74","2","11.82","06-10-2014 12:52:58","06-10-2014 12:52:58","1","NI"
"7","115789993","06-10-2014 13:03:53","RSA","RSA/FlamP (RSA) 6th Oct","FlamP","06-10-2014 12:55","TO BE PLACED","","5839807","Wolfs Girl","2.72","4","93.5","06-10-2014 12:52:53","06-10-2014 12:52:06","1","NI"
"7","115789993","06-10-2014 13:03:53","RSA","RSA/FlamP (RSA) 6th Oct","FlamP","06-10-2014 12:55","TO BE PLACED","","5839807","Wolfs Girl","2.56","5","7.94","06-10-2014 12:53:15","06-10-2014 12:41:40","1","NI"
"7","115789992","06-10-2014 13:03:52","RSA","RSA/FlamP (RSA) 6th Oct","FlamP","06-10-2014 12:55","R6 1400m Hcap","","5839807","Wolfs Girl","6.6","12","63.58","06-10-2014 12:55:02","06-10-2014 12:53:52","0","NI"
"7","115789993","06-10-2014 13:03:53","RSA","RSA/FlamP (RSA) 6th Oct","FlamP","06-10-2014 12:55","TO BE PLACED","","5839807","Wolfs Girl","2.52","2","90","06-10-2014 12:55:15","06-10-2014 12:55:15","1","NI"
"7","115789992","06-10-2014 13:03:52","RSA","RSA/FlamP (RSA) 6th Oct","FlamP","06-10-2014 12:55","R6 1400m Hcap","","5839807","Wolfs Girl","8.8","7","14.54","06-10-2014 12:50:49","06-10-2014 12:37:54","0","NI"
"7","115789993","06-10-2014 13:03:53","RSA","RSA/FlamP (RSA) 6th Oct","FlamP","06-10-2014 12:55","TO BE PLACED","","5839807","Wolfs Girl","2.64","2","3.98","06-10-2014 12:41:40","06-10-2014 12:41:40","1","NI"
"7","115789992","06-10-2014 13:03:52","RSA","RSA/FlamP (RSA) 6th Oct","FlamP","06-10-2014 12:55","R6 1400m Hcap","","5839807","Wolfs Girl","7.6","8","40.8","06-10-2014 12:55:27","06-10-2014 12:52:44","0","NI"
"7","115789992","06-10-2014 13:03:52","RSA","RSA/FlamP (RSA) 6th Oct","FlamP","06-10-2014 12:55","R6 1400m Hcap","","5839807","Wolfs Girl","7","60","735.42","06-10-2014 12:55:27","06-10-2014 12:53:16","0","NI"
"7","115789993","06-10-2014 13:03:53","RSA","RSA/FlamP (RSA) 6th Oct","FlamP","06-10-2014 12:55","TO BE PLACED","","5839807","Wolfs Girl","2.62","2","29.08","06-10-2014 12:46:51","06-10-2014 12:46:51","1","NI"
"7","115789992","06-10-2014 13:03:52","RSA","RSA/FlamP (RSA) 6th Oct","FlamP","06-10-2014 12:55","R6 1400m Hcap","","5839807","Wolfs Girl","8.6","11","271.02","06-10-2014 12:51:32","06-10-2014 12:47:31","0","NI"
"7","115789993","06-10-2014 13:03:53","RSA","RSA/FlamP (RSA) 6th Oct","FlamP","06-10-2014 12:55","TO BE PLACED","","5839807","Wolfs Girl","2.46","2","62.58","06-10-2014 12:53:29","06-10-2014 12:53:29","1","NI"
"7","115789993","06-10-2014 13:03:53","RSA","RSA/FlamP (RSA) 6th Oct","FlamP","06-10-2014 12:55","TO BE PLACED","","5839807","Wolfs Girl","2.58","2","12.32","06-10-2014 12:53:14","06-10-2014 12:53:14","1","NI"
"7","115789992","06-10-2014 13:03:52","RSA","RSA/FlamP (RSA) 6th Oct","FlamP","06-10-2014 12:55","R6 1400m Hcap","","5839807","Wolfs Girl","6.4","12","67.94","06-10-2014 12:54:53","06-10-2014 12:53:31","0","NI"
"7","115789993","06-10-2014 13:03:53","RSA","RSA/FlamP (RSA) 6th Oct","FlamP","06-10-2014 12:55","TO BE PLACED","","5839807","Wolfs Girl","2.6","2","22.92","06-10-2014 12:46:51","06-10-2014 12:46:51","1","NI"
"7","115789993","06-10-2014 13:03:53","RSA","RSA/FlamP (RSA) 6th Oct","FlamP","06-10-2014 12:55","TO BE PLACED","","5839807","Wolfs Girl","2.4","5","254.2","06-10-2014 12:55:20","06-10-2014 12:55:16","1","NI"
"7","115789992","06-10-2014 13:03:52","RSA","RSA/FlamP (RSA) 6th Oct","FlamP","06-10-2014 12:55","R6 1400m Hcap","","5839807","Wolfs Girl","8.2","5","33.52","06-10-2014 12:52:21","06-10-2014 12:41:57","0","NI"
"7","115789993","06-10-2014 13:03:53","RSA","RSA/FlamP (RSA) 6th Oct","FlamP","06-10-2014 12:55","TO BE PLACED","","5839807","Wolfs Girl","2.42","2","84","06-10-2014 12:55:16","06-10-2014 12:55:16","1","NI"
"7","115789992","06-10-2014 13:03:52","RSA","RSA/FlamP (RSA) 6th Oct","FlamP","06-10-2014 12:55","R6 1400m Hcap","","5839807","Wolfs Girl","9","3","3","06-10-2014 12:37:54","06-10-2014 12:37:54","0","NI"
"7","115789992","06-10-2014 13:03:52","RSA","RSA/FlamP (RSA) 6th Oct","FlamP","06-10-2014 12:55","R6 1400m Hcap","","5839807","Wolfs Girl","7.2","12","651","06-10-2014 12:55:32","06-10-2014 12:53:20","0","NI"
"7","115789992","06-10-2014 13:03:52","RSA","RSA/FlamP (RSA) 6th Oct","FlamP","06-10-2014 12:55","R6 1400m Hcap","","5839807","Wolfs Girl","6.2","9","83.72","06-10-2014 12:55:01","06-10-2014 12:54:48","0","NI"
"7","115789993","06-10-2014 13:03:53","RSA","RSA/FlamP (RSA) 6th Oct","FlamP","06-10-2014 12:55","TO BE PLACED","","5839807","Wolfs Girl","2.76","2","3.2","06-10-2014 12:52:58","06-10-2014 12:52:58","1","NI"
"7","115789993","06-10-2014 13:03:53","RSA","RSA/FlamP (RSA) 6th Oct","FlamP","06-10-2014 12:55","TO BE PLACED","","5839807","Wolfs Girl","2.7","4","39.06","06-10-2014 12:53:08","06-10-2014 12:48:33","1","NI"
"7","115789992","06-10-2014 13:03:52","RSA","RSA/FlamP (RSA) 6th Oct","FlamP","06-10-2014 12:55","R6 1400m Hcap","","5839807","Wolfs Girl","7.8","15","259.02","06-10-2014 12:55:52","06-10-2014 12:38:24","0","NI"
"7","116122422","27-10-2014 13:00:35","RSA","RSA/FlamP (RSA) 27th Oct","FlamP","27-10-2014 12:50","R6 1400m Hcap","","5839807","Wolfs Girl","4.7","13","158.9","27-10-2014 12:49:12","27-10-2014 12:32:50","0","NI"
"7","116122422","27-10-2014 13:00:35","RSA","RSA/FlamP (RSA) 27th Oct","FlamP","27-10-2014 12:50","R6 1400m Hcap","","5839807","Wolfs Girl","5.5","2","4","27-10-2014 12:45:23","27-10-2014 12:45:23","0","NI"
"7","116122422","27-10-2014 13:00:35","RSA","RSA/FlamP (RSA) 27th Oct","FlamP","27-10-2014 12:50","R6 1400m Hcap","","5839807","Wolfs Girl","4.6","19","266.26","27-10-2014 12:50:41","27-10-2014 12:48:54","0","NI"
"7","116122422","27-10-2014 13:00:35","RSA","RSA/FlamP (RSA) 27th Oct","FlamP","27-10-2014 12:50","R6 1400m Hcap","","5839807","Wolfs Girl","4.4","36","412.26","27-10-2014 12:50:47","27-10-2014 12:49:21","0","NI"
"7","116122422","27-10-2014 13:00:35","RSA","RSA/FlamP (RSA) 27th Oct","FlamP","27-10-2014 12:50","R6 1400m Hcap","","5839807","Wolfs Girl","4.5","32","551.32","27-10-2014 12:50:47","27-10-2014 12:49:16","0","NI"
"7","116122423","27-10-2014 13:00:35","RSA","RSA/FlamP (RSA) 27th Oct","FlamP","27-10-2014 12:50","TO BE PLACED","","5839807","Wolfs Girl","1.95","5","10.5","27-10-2014 12:50:21","27-10-2014 12:47:55","0","NI"
"7","116122422","27-10-2014 13:00:35","RSA","RSA/FlamP (RSA) 27th Oct","FlamP","27-10-2014 12:50","R6 1400m Hcap","","5839807","Wolfs Girl","5.1","12","60.38","27-10-2014 12:48:09","27-10-2014 12:39:01","0","NI"
"7","116122422","27-10-2014 13:00:35","RSA","RSA/FlamP (RSA) 27th Oct","FlamP","27-10-2014 12:50","R6 1400m Hcap","","5839807","Wolfs Girl","4.3","30","440.5","27-10-2014 12:50:40","27-10-2014 12:49:21","0","NI"
"7","116122423","27-10-2014 13:00:35","RSA","RSA/FlamP (RSA) 27th Oct","FlamP","27-10-2014 12:50","TO BE PLACED","","5839807","Wolfs Girl","1.88","9","66.38","27-10-2014 12:49:50","27-10-2014 12:48:57","0","NI"
"7","116122422","27-10-2014 13:00:35","RSA","RSA/FlamP (RSA) 27th Oct","FlamP","27-10-2014 12:50","R6 1400m Hcap","","5839807","Wolfs Girl","5.4","4","18.24","27-10-2014 12:45:33","27-10-2014 12:44:51","0","NI"
"7","116122422","27-10-2014 13:00:35","RSA","RSA/FlamP (RSA) 27th Oct","FlamP","27-10-2014 12:50","R6 1400m Hcap","","5839807","Wolfs Girl","4.2","2","17.66","27-10-2014 12:49:21","27-10-2014 12:49:21","0","NI"
"7","116122422","27-10-2014 13:00:35","RSA","RSA/FlamP (RSA) 27th Oct","FlamP","27-10-2014 12:50","R6 1400m Hcap","","5839807","Wolfs Girl","5.3","6","32.66","27-10-2014 12:45:55","27-10-2014 12:44:40","0","NI"
"7","116122423","27-10-2014 13:00:35","RSA","RSA/FlamP (RSA) 27th Oct","FlamP","27-10-2014 12:50","TO BE PLACED","","5839807","Wolfs Girl","1.89","5","28.6","27-10-2014 12:50:11","27-10-2014 12:49:26","0","NI"
"7","116122422","27-10-2014 13:00:35","RSA","RSA/FlamP (RSA) 27th Oct","FlamP","27-10-2014 12:50","R6 1400m Hcap","","5839807","Wolfs Girl","7.2","2","4","27-10-2014 12:41:16","27-10-2014 12:41:16","0","NI"
"7","116122423","27-10-2014 13:00:35","RSA","RSA/FlamP (RSA) 27th Oct","FlamP","27-10-2014 12:50","TO BE PLACED","","5839807","Wolfs Girl","1.87","2","38.5","27-10-2014 12:48:57","27-10-2014 12:48:57","0","NI"
"7","116122423","27-10-2014 13:00:35","RSA","RSA/FlamP (RSA) 27th Oct","FlamP","27-10-2014 12:50","TO BE PLACED","","5839807","Wolfs Girl","1.99","5","155.02","27-10-2014 12:48:24","27-10-2014 12:47:49","0","NI"
"7","116122423","27-10-2014 13:00:35","RSA","RSA/FlamP (RSA) 27th Oct","FlamP","27-10-2014 12:50","TO BE PLACED","","5839807","Wolfs Girl","1.92","6","174.2","27-10-2014 12:48:48","27-10-2014 12:48:38","0","NI"
"7","116122422","27-10-2014 13:00:35","RSA","RSA/FlamP (RSA) 27th Oct","FlamP","27-10-2014 12:50","R6 1400m Hcap","","5839807","Wolfs Girl","4.9","16","150.68","27-10-2014 12:48:45","27-10-2014 12:46:58","0","NI"
"7","116122423","27-10-2014 13:00:35","RSA","RSA/FlamP (RSA) 27th Oct","FlamP","27-10-2014 12:50","TO BE PLACED","","5839807","Wolfs Girl","1.85","2","34.74","27-10-2014 12:49:53","27-10-2014 12:49:53","0","NI"
"7","116122423","27-10-2014 13:00:35","RSA","RSA/FlamP (RSA) 27th Oct","FlamP","27-10-2014 12:50","TO BE PLACED","","5839807","Wolfs Girl","2","4","54","27-10-2014 12:47:14","27-10-2014 12:45:53","0","NI"
"7","116122423","27-10-2014 13:00:35","RSA","RSA/FlamP (RSA) 27th Oct","FlamP","27-10-2014 12:50","TO BE PLACED","","5839807","Wolfs Girl","1.83","2","7.66","27-10-2014 12:49:54","27-10-2014 12:49:54","0","NI"
"7","116122423","27-10-2014 13:00:35","RSA","RSA/FlamP (RSA) 27th Oct","FlamP","27-10-2014 12:50","TO BE PLACED","","5839807","Wolfs Girl","2.04","3","4","27-10-2014 12:47:40","27-10-2014 12:47:35","0","NI"
"7","116122422","27-10-2014 13:00:35","RSA","RSA/FlamP (RSA) 27th Oct","FlamP","27-10-2014 12:50","R6 1400m Hcap","","5839807","Wolfs Girl","7.4","3","4.96","27-10-2014 12:38:16","27-10-2014 12:38:16","0","NI"
"7","116122423","27-10-2014 13:00:35","RSA","RSA/FlamP (RSA) 27th Oct","FlamP","27-10-2014 12:50","TO BE PLACED","","5839807","Wolfs Girl","1.84","7","43.52","27-10-2014 12:50:10","27-10-2014 12:50:08","0","NI"
"7","116122423","27-10-2014 13:00:35","RSA","RSA/FlamP (RSA) 27th Oct","FlamP","27-10-2014 12:50","TO BE PLACED","","5839807","Wolfs Girl","1.91","10","157.2","27-10-2014 12:49:40","27-10-2014 12:47:40","0","NI"
"7","116122423","27-10-2014 13:00:35","RSA","RSA/FlamP (RSA) 27th Oct","FlamP","27-10-2014 12:50","TO BE PLACED","","5839807","Wolfs Girl","1.82","7","10.26","27-10-2014 12:50:03","27-10-2014 12:49:55","0","NI"
"7","116122423","27-10-2014 13:00:35","RSA","RSA/FlamP (RSA) 27th Oct","FlamP","27-10-2014 12:50","TO BE PLACED","","5839807","Wolfs Girl","1.93","2","17.44","27-10-2014 12:47:40","27-10-2014 12:47:40","0","NI"
"7","116122422","27-10-2014 13:00:35","RSA","RSA/FlamP (RSA) 27th Oct","FlamP","27-10-2014 12:50","R6 1400m Hcap","","5839807","Wolfs Girl","4.8","21","432.48","27-10-2014 12:50:41","27-10-2014 12:46:12","0","NI"
"7","116122422","27-10-2014 13:00:35","RSA","RSA/FlamP (RSA) 27th Oct","FlamP","27-10-2014 12:50","R6 1400m Hcap","","5839807","Wolfs Girl","5.2","17","101.44","27-10-2014 12:48:09","27-10-2014 12:26:20","0","NI"
"7","116122423","27-10-2014 13:00:35","RSA","RSA/FlamP (RSA) 27th Oct","FlamP","27-10-2014 12:50","TO BE PLACED","","5839807","Wolfs Girl","1.86","8","207.64","27-10-2014 12:49:53","27-10-2014 12:48:57","0","NI"
"7","116122423","27-10-2014 13:00:35","RSA","RSA/FlamP (RSA) 27th Oct","FlamP","27-10-2014 12:50","TO BE PLACED","","5839807","Wolfs Girl","1.9","8","227.32","27-10-2014 12:50:38","27-10-2014 12:47:40","0","NI"
"7","116122422","27-10-2014 13:00:35","RSA","RSA/FlamP (RSA) 27th Oct","FlamP","27-10-2014 12:50","R6 1400m Hcap","","5839807","Wolfs Girl","5","35","440.06","27-10-2014 12:48:35","27-10-2014 12:37:33","0","NI"
"7","116122423","27-10-2014 13:00:35","RSA","RSA/FlamP (RSA) 27th Oct","FlamP","27-10-2014 12:50","TO BE PLACED","","5839807","Wolfs Girl","1.98","5","51.76","27-10-2014 12:47:51","27-10-2014 12:47:06","0","NI"
